team_abbr,lineup,lineup_ok,lineup_matches,lineup_remainder,lineup_num,man1,man2,man3,man4,man5,minutes,net,off_pts,off_delta,off_3pt,offts,offts_net,offtov,offtov_net,offorb,offorb_net,def_pts,def_delta,def_3pt,defts,defts_net,deftov,deftov_net,deforb,deforb_net,source_url
ATL,AlexanderOkongwuJohnsonDanielsRisacher,TRUE,5,,1,Alexander,Okongwu,Johnson,Daniels,Risacher,247,0.1,118.6,2.6,38.6,60.6,2.8,14.1,-0.3,26.2,-3.8,118.5,2.5,38.7,60.7,3,15,0.6,25.9,-4.2,https://databallr.com/wowy/ATL/2026/2026/regular/high/5man
ATL,AlexanderOkongwuKrejciJohnsonDaniels,TRUE,5,,2,Alexander,Okongwu,Krejci,Johnson,Daniels,172,-1,104.2,-11.8,30.6,53.8,-4,15.1,0.7,24.1,-5.9,105.2,-10.8,33.1,55.8,-1.9,18.6,4.2,29,-1.1,https://databallr.com/wowy/ATL/2026/2026/regular/high/5man
ATL,AlexanderJohnsonDanielsRisacherPorziņģis,TRUE,5,,3,Alexander,Johnson,Daniels,Risacher,Porziņģis,117,-1.3,118.3,2.3,35.6,58.5,0.7,12,-2.4,29.5,-0.6,119.6,3.6,39.6,58.1,0.4,12.2,-2.1,28.9,-1.2,https://databallr.com/wowy/ATL/2026/2026/regular/high/5man
ATL,YoungAlexanderOkongwuJohnsonDaniels,TRUE,5,,4,Young,Alexander,Okongwu,Johnson,Daniels,45,-19.7,109.2,-6.8,34.4,58.2,0.4,14.3,-0.1,19.5,-10.6,128.8,12.8,40,67,9.3,18.3,3.9,23.5,-6.5,https://databallr.com/wowy/ATL/2026/2026/regular/high/5man
ATL,YoungOkongwuJohnsonDanielsRisacher,TRUE,5,,5,Young,Okongwu,Johnson,Daniels,Risacher,42,-25.5,120.7,4.6,37,64.5,6.8,14.1,-0.3,17.1,-12.9,146.2,30.1,49,74.7,17,9.9,-4.5,21.2,-8.9,https://databallr.com/wowy/ATL/2026/2026/regular/high/5man
ATL,KennardOkongwuKrejciWallaceGueye,TRUE,5,,6,Kennard,Okongwu,Krejci,Wallace,Gueye,40,-20.9,104.7,-11.3,39,59.3,1.6,16.5,2.1,19.4,-10.6,125.6,9.6,36.1,60.6,2.8,15.9,1.5,43.2,13.2,https://databallr.com/wowy/ATL/2026/2026/regular/high/5man
ATL,KennardKrejciJohnsonDanielsGueye,TRUE,5,,7,Kennard,Krejci,Johnson,Daniels,Gueye,38,25,123.7,7.7,34.4,56.6,-1.1,9.2,-5.2,34.2,4.1,98.7,-17.3,33.3,51.3,-6.4,20.5,6.1,29.3,-0.8,https://databallr.com/wowy/ATL/2026/2026/regular/high/5man
ATL,KennardOkongwuKrejciDanielsGueye,TRUE,5,,8,Kennard,Okongwu,Krejci,Daniels,Gueye,36,-9.9,115.5,-0.5,37.1,56.3,-1.5,15.5,1.1,37.8,7.8,125.4,9.3,50,68.8,11,19.7,5.3,29.2,-0.9,https://databallr.com/wowy/ATL/2026/2026/regular/high/5man
ATL,AlexanderOkongwuJohnsonDanielsMcCollum,TRUE,5,,9,Alexander,Okongwu,Johnson,Daniels,McCollum,36,26.3,139.2,23.2,50,69.6,11.9,12.7,-1.7,42.9,12.8,113,-3,31,53.8,-4,7.8,-6.6,25.6,-4.4,https://databallr.com/wowy/ATL/2026/2026/regular/high/5man
ATL,AlexanderOkongwuJohnsonKispertDaniels,TRUE,5,,10,Alexander,Okongwu,Johnson,Kispert,Daniels,34,-13.2,102.6,-13.4,41.9,52,-5.8,14.3,-0.1,23.3,-6.8,115.8,-0.2,41.4,59.5,1.7,14.5,0.1,25,-5.1,https://databallr.com/wowy/ATL/2026/2026/regular/high/5man
BKN,JrMannClaxtonClowneyDёmin,TRUE,5,,1,Jr,Mann,Claxton,Clowney,Dёmin,287,1.3,118.7,2.6,38.2,59.5,1.8,15.7,1.3,29.3,-0.7,117.3,1.3,37.9,59.6,1.8,14.7,0.3,27.1,-2.9,https://databallr.com/wowy/BKN/2026/2026/regular/high/5man
BKN,JrClaxtonClowneyDёminPowell,TRUE,5,,2,Jr,Claxton,Clowney,Dёmin,Powell,85,1,111.1,-4.9,42.1,58.6,0.9,15.2,0.8,20.7,-9.3,110.1,-5.9,34.4,53.2,-4.6,11.9,-2.5,29.9,-0.2,https://databallr.com/wowy/BKN/2026/2026/regular/high/5man
BKN,JrMannClaxtonThomasSaraf,TRUE,5,,3,Jr,Mann,Claxton,Thomas,Saraf,50,-24.9,117.6,1.6,41.2,60.5,2.7,14.8,0.4,21.3,-8.8,142.5,26.4,47.1,70.6,12.8,15.1,0.7,38.1,8,https://databallr.com/wowy/BKN/2026/2026/regular/high/5man
BKN,JrClaxtonMartinClowneyDёmin,TRUE,5,,4,Jr,Claxton,Martin,Clowney,Dёmin,49,-6.2,117.5,1.5,31.9,53.8,-3.9,8.2,-6.1,28.6,-1.5,123.7,7.7,41.9,60,2.3,13.4,-1,23.9,-6.2,https://databallr.com/wowy/BKN/2026/2026/regular/high/5man
BKN,JrMannClaxtonClowneyPowell,TRUE,5,,5,Jr,Mann,Claxton,Clowney,Powell,45,-47,101.2,-14.8,36.4,58.2,0.5,17.6,3.3,10.8,-19.3,148.1,32.1,47.1,65.9,8.2,11.1,-3.3,51.4,21.3,https://databallr.com/wowy/BKN/2026/2026/regular/high/5man
BKN,JrWilliamsSharpeClowneyDёmin,TRUE,5,,6,Jr,Williams,Sharpe,Clowney,Dёmin,33,25.8,121.2,5.2,47.1,70.2,12.4,22.7,8.3,20.8,-9.2,95.4,-20.6,19,53.5,-4.2,23.1,8.7,24.1,-5.9,https://databallr.com/wowy/BKN/2026/2026/regular/high/5man
BKN,MannSharpeThomasTraoréWolf,TRUE,5,,7,Mann,Sharpe,Thomas,Traoré,Wolf,32,-3.8,118.5,2.5,45.8,56.6,-1.1,7.7,-6.7,29.4,-0.7,122.2,6.2,28,57.5,-0.3,9.5,-4.9,30,-0.1,https://databallr.com/wowy/BKN/2026/2026/regular/high/5man
BKN,MannClaxtonClowneyDёminWolf,TRUE,5,,8,Mann,Claxton,Clowney,Dёmin,Wolf,32,-29,98.4,-17.6,33.3,51.7,-6.1,12.7,-1.7,16.1,-13.9,127.4,11.4,45.8,58.1,0.3,11.3,-3.1,36.4,6.3,https://databallr.com/wowy/BKN/2026/2026/regular/high/5man
BKN,SharpeThomasTraoréWolfPowell,TRUE,5,,9,Sharpe,Thomas,Traoré,Wolf,Powell,31,1.6,118,2,36,60,2.3,14.8,0.4,28.6,-1.5,116.4,0.4,29.4,60.2,2.4,11.5,-2.9,30.4,0.4,https://databallr.com/wowy/BKN/2026/2026/regular/high/5man
BKN,JrMannSharpeClowneyDёmin,TRUE,5,,10,Jr,Mann,Sharpe,Clowney,Dёmin,30,55.9,159.3,43.3,51.9,73.4,15.7,8.5,-5.9,38.5,8.4,103.4,-12.6,22.2,55.6,-2.2,19,4.6,25,-5.1,https://databallr.com/wowy/BKN/2026/2026/regular/high/5man
BOS,BrownWhiteQuetaPritchardWalsh,TRUE,5,,1,Brown,White,Queta,Pritchard,Walsh,178,2.5,121.8,5.8,37.2,59.7,2,14.4,-0,34.3,4.3,119.4,3.4,39.6,56.5,-1.3,13,-1.4,34.6,4.5,https://databallr.com/wowy/BOS/2026/2026/regular/high/5man
BOS,BrownWhiteQuetaPritchardHauser,TRUE,5,,2,Brown,White,Queta,Pritchard,Hauser,150,14.3,127.6,11.6,38.5,61.2,3.5,10.4,-3.9,29.8,-0.3,113.3,-2.7,35.3,55,-2.8,13.7,-0.7,29.3,-0.8,https://databallr.com/wowy/BOS/2026/2026/regular/high/5man
BOS,BrownWhiteQuetaPritchardMinott,TRUE,5,,3,Brown,White,Queta,Pritchard,Minott,95,1.2,116.9,0.9,28.6,55.3,-2.5,12.7,-1.7,36.4,6.3,115.7,-0.3,42.1,59.1,1.4,16.8,2.4,31.2,1.1,https://databallr.com/wowy/BOS/2026/2026/regular/high/5man
BOS,BrownWhiteQuetaPritchardGonzález,TRUE,5,,4,Brown,White,Queta,Pritchard,González,57,13,114.6,-1.4,25.6,57.8,0,14.6,0.3,30.9,0.8,101.6,-14.4,27.3,50.4,-7.3,20,5.6,33.8,3.8,https://databallr.com/wowy/BOS/2026/2026/regular/high/5man
BOS,BrownSimonsPritchardGarzaHauser,TRUE,5,,5,Brown,Simons,Pritchard,Garza,Hauser,55,6.4,132.7,16.7,45.3,56.4,-1.4,7.1,-7.3,36.8,6.7,126.3,10.3,41,63.7,6,10.5,-3.9,22.9,-7.2,https://databallr.com/wowy/BOS/2026/2026/regular/high/5man
BOS,BrownWhiteSimonsGarzaHauser,TRUE,5,,6,Brown,White,Simons,Garza,Hauser,37,12.7,123.4,7.4,34.1,56.5,-1.2,6.5,-7.9,26.7,-3.4,110.7,-5.3,42.4,57.6,-0.1,12,-2.4,18.9,-11.2,https://databallr.com/wowy/BOS/2026/2026/regular/high/5man
BOS,BrownWhitePritchardGarzaWalsh,TRUE,5,,7,Brown,White,Pritchard,Garza,Walsh,33,-11.7,116.4,0.4,42.3,61.2,3.5,21.3,6.9,35.7,5.6,128.1,12.1,31,59.4,1.7,4.7,-9.7,27.3,-2.8,https://databallr.com/wowy/BOS/2026/2026/regular/high/5man
BOS,WhiteSimonsQuetaHauserGonzález,TRUE,5,,8,White,Simons,Queta,Hauser,González,31,80.7,160,44,52.9,65.7,7.9,3.6,-10.7,41.9,11.9,79.3,-36.7,26.7,38.3,-19.4,20.7,6.3,37.5,7.4,https://databallr.com/wowy/BOS/2026/2026/regular/high/5man
BOS,BrownWhitePritchardGarzaHauser,TRUE,5,,9,Brown,White,Pritchard,Garza,Hauser,30,41.9,121.9,5.9,30,55.7,-2,10.9,-3.4,35.3,5.2,80,-36,21.4,40,-17.7,11.7,-2.7,16.7,-13.4,https://databallr.com/wowy/BOS/2026/2026/regular/high/5man
BOS,WhiteQuetaPritchardHauserWalsh,TRUE,5,,10,White,Queta,Pritchard,Hauser,Walsh,29,19.6,119.6,3.6,31.8,59.8,2.1,10.7,-3.7,23.1,-7,100,-16,33.3,50,-7.7,16.9,2.6,30.3,0.2,https://databallr.com/wowy/BOS/2026/2026/regular/high/5man
CHA,BridgesBallDiabatéMillerKnueppel,TRUE,5,,1,Bridges,Ball,Diabaté,Miller,Knueppel,115,19.7,137.7,21.7,48.1,66.9,9.2,13.1,-1.2,35,4.9,118.1,2.1,34.5,55.6,-2.1,9.7,-4.7,28.6,-1.5,https://databallr.com/wowy/CHA/2026/2026/regular/high/5man
CHA,BridgesBallMillerKalkbrenneKnueppel,TRUE,5,,2,Bridges,Ball,Miller,Kalkbrenne,Knueppel,78,-1.9,126.9,10.9,36.6,63.5,5.7,13.2,-1.2,28.6,-1.5,128.8,12.8,46.7,62.9,5.1,10.4,-4,26.3,-3.8,https://databallr.com/wowy/CHA/2026/2026/regular/high/5man
CHA,BridgesBallDiabatéKnueppelJames,TRUE,5,,3,Bridges,Ball,Diabaté,Knueppel,James,65,12.4,120,4,29.4,54.2,-3.6,6.9,-7.5,29.7,-0.3,107.6,-8.4,32.6,56.4,-1.3,18.3,3.9,23.7,-6.3,https://databallr.com/wowy/CHA/2026/2026/regular/high/5man
CHA,BridgesSextonKalkbrenneKnueppelJames,TRUE,5,,4,Bridges,Sexton,Kalkbrenne,Knueppel,James,61,12.3,125.4,9.4,42,65.8,8.1,15.1,0.7,23.5,-6.5,113.1,-2.9,36.4,54.4,-3.3,9.2,-5.2,27.5,-2.5,https://databallr.com/wowy/CHA/2026/2026/regular/high/5man
CHA,BridgesBallKalkbrenneKnueppelJames,TRUE,5,,5,Bridges,Ball,Kalkbrenne,Knueppel,James,49,-15,116.3,0.3,36.2,58.7,1,17.3,2.9,34,3.9,131.4,15.4,47.1,62,4.3,9.8,-4.6,30.6,0.5,https://databallr.com/wowy/CHA/2026/2026/regular/high/5man
CHA,BridgesSextonBallKalkbrenneKnueppel,TRUE,5,,6,Bridges,Sexton,Ball,Kalkbrenne,Knueppel,44,-1.7,117.5,1.5,34.2,57,-0.7,9.3,-5.1,22.9,-7.2,119.2,3.2,29.4,59.7,2,12.1,-2.3,22.7,-7.4,https://databallr.com/wowy/CHA/2026/2026/regular/high/5man
CHA,BridgesMillerKalkbrenneKnueppelJames,TRUE,5,,7,Bridges,Miller,Kalkbrenne,Knueppel,James,37,7,135.5,19.5,50,67.8,10,13.2,-1.2,30.3,0.2,128.6,12.6,47.1,65.3,7.6,11.7,-2.7,18.2,-11.9,https://databallr.com/wowy/CHA/2026/2026/regular/high/5man
CHA,BridgesSextonDiabatéKnueppelJames,TRUE,5,,8,Bridges,Sexton,Diabaté,Knueppel,James,34,2.4,116.1,0.1,38.1,60,2.3,24.2,9.8,44,13.9,113.7,-2.3,36.4,61,3.3,11,-3.4,24.1,-5.9,https://databallr.com/wowy/CHA/2026/2026/regular/high/5man
CHA,BridgesDiabatéMillerKnueppelJames,TRUE,5,,9,Bridges,Diabaté,Miller,Knueppel,James,32,3.9,108.5,-7.5,38.9,53.4,-4.4,8.5,-5.9,11.1,-19,104.5,-11.5,30.4,53.1,-4.7,10.6,-3.8,22.6,-7.5,https://databallr.com/wowy/CHA/2026/2026/regular/high/5man
CHA,BridgesMannDiabatéKnueppelJames,TRUE,5,,10,Bridges,Mann,Diabaté,Knueppel,James,28,-18.4,127.8,11.8,31.8,57.6,-0.1,14.8,0.4,42.9,12.8,146.2,30.1,61.1,74.5,16.8,13.5,-0.9,22.2,-7.9,https://databallr.com/wowy/CHA/2026/2026/regular/high/5man
CHI,WhiteOkoroGiddeyBuzelisVučević,TRUE,5,,1,White,Okoro,Giddey,Buzelis,Vučević,89,1.2,127.4,11.4,41.6,61.8,4,9.7,-4.7,25.3,-4.8,126.2,10.2,33.7,60.9,3.1,10.5,-3.9,25.8,-4.2,https://databallr.com/wowy/CHI/2026/2026/regular/high/5man
CHI,OkoroJonesGiddeyBuzelisVučević,TRUE,5,,2,Okoro,Jones,Giddey,Buzelis,Vučević,76,-15.7,106.2,-9.8,39.6,58.5,0.8,19.8,5.4,23.5,-6.5,121.9,5.9,39.3,56.4,-1.3,9.4,-5,29.3,-0.8,https://databallr.com/wowy/CHI/2026/2026/regular/high/5man
CHI,HuerterOkoroGiddeyBuzelisVučević,TRUE,5,,3,Huerter,Okoro,Giddey,Buzelis,Vučević,65,4.5,111.9,-4.2,34.8,54,-3.8,9.6,-4.8,21.7,-8.3,107.4,-8.7,32.1,53.3,-4.5,10.3,-4.1,23.2,-6.9,https://databallr.com/wowy/CHI/2026/2026/regular/high/5man
CHI,HuerterOkoroJonesBuzelisVučević,TRUE,5,,4,Huerter,Okoro,Jones,Buzelis,Vučević,53,-4.5,118.9,2.9,20,62.3,4.5,14.4,0,26.2,-3.9,123.4,7.4,42.1,58.1,0.3,10.8,-3.6,33.9,3.8,https://databallr.com/wowy/CHI/2026/2026/regular/high/5man
CHI,OkoroSmithJonesBuzelisVučević,TRUE,5,,5,Okoro,Smith,Jones,Buzelis,Vučević,38,-16.5,130.1,14.1,35.5,63.3,5.6,11,-3.4,25.8,-4.3,146.7,30.7,57.1,67.9,10.2,2.7,-11.7,24.2,-5.8,https://databallr.com/wowy/CHI/2026/2026/regular/high/5man
CHI,WhiteJonesGiddeyBuzelisVučević,TRUE,5,,6,White,Jones,Giddey,Buzelis,Vučević,38,11.5,121,5,29.7,54.4,-3.3,8.6,-5.7,31,0.9,109.5,-6.5,50,59.7,2,19,4.7,28.6,-1.5,https://databallr.com/wowy/CHI/2026/2026/regular/high/5man
CHI,HuerterWilliamsSmithJonesDosunmu,TRUE,5,,7,Huerter,Williams,Smith,Jones,Dosunmu,37,-0.7,118.8,2.7,26.9,57.2,-0.5,11.3,-3.1,34.2,4.1,119.5,3.5,36,61.3,3.6,11.7,-2.7,15.6,-14.5,https://databallr.com/wowy/CHI/2026/2026/regular/high/5man
CHI,HuerterDosunmuGiddeyBuzelisVučević,TRUE,5,,8,Huerter,Dosunmu,Giddey,Buzelis,Vučević,33,8.6,116.4,0.4,38.1,58.2,0.5,14.9,0.5,29,-1,107.8,-8.2,29.2,57.5,-0.2,15.6,1.2,20.7,-9.4,https://databallr.com/wowy/CHI/2026/2026/regular/high/5man
CHI,WhiteOkoroSmithBuzelisVučević,TRUE,5,,9,White,Okoro,Smith,Buzelis,Vučević,32,4.8,123.8,7.8,48,61.9,4.2,12.7,-1.7,21.4,-8.6,119,3,53.6,58.6,0.9,7.9,-6.4,17.1,-12.9,https://databallr.com/wowy/CHI/2026/2026/regular/high/5man
CHI,HuerterOkoroWilliamsGiddeyVučević,TRUE,5,,10,Huerter,Okoro,Williams,Giddey,Vučević,30,0.8,124.6,8.6,51.9,67.2,9.4,14.5,0.1,14.8,-15.3,123.8,7.8,29.6,56.5,-1.2,9.5,-4.9,31.4,1.4,https://databallr.com/wowy/CHI/2026/2026/regular/high/5man
CLE,MitchellHunterGarlandMobleyTyson,TRUE,5,,1,Mitchell,Hunter,Garland,Mobley,Tyson,87,-17.8,113.7,-2.3,32.6,55,-2.7,12.6,-1.8,27.7,-2.4,131.5,15.5,42.6,66.5,8.7,12.2,-2.2,29.3,-0.7,https://databallr.com/wowy/CLE/2026/2026/regular/high/5man
CLE,MitchellAllenWadeMobleyTyson,TRUE,5,,2,Mitchell,Allen,Wade,Mobley,Tyson,53,32.1,128.4,12.4,35.5,61.8,4.1,12.7,-1.6,32.6,2.5,96.3,-19.7,27.3,48.1,-9.6,12.8,-1.5,23.3,-6.7,https://databallr.com/wowy/CLE/2026/2026/regular/high/5man
CLE,MitchellAllenHunterMerrillMobley,TRUE,5,,3,Mitchell,Allen,Hunter,Merrill,Mobley,50,-3.6,122.9,6.9,33.3,60.3,2.5,11.4,-3,27.5,-2.6,126.5,10.5,50,62,4.3,10.8,-3.6,24.4,-5.6,https://databallr.com/wowy/CLE/2026/2026/regular/high/5man
CLE,MitchellAllenHunterGarlandMobley,TRUE,5,,4,Mitchell,Allen,Hunter,Garland,Mobley,49,33.6,131.8,15.8,41.2,64.7,6.9,16.8,2.4,41.3,11.2,98.2,-17.8,32,51.9,-5.8,12.7,-1.7,14.5,-15.5,https://databallr.com/wowy/CLE/2026/2026/regular/high/5man
CLE,MitchellAllenGarlandMerrillMobley,TRUE,5,,5,Mitchell,Allen,Garland,Merrill,Mobley,43,-7.9,113.6,-2.4,34.3,54.4,-3.3,6.8,-7.6,18.8,-11.3,121.5,5.5,42.1,60.8,3,19.4,5,39,8.9,https://databallr.com/wowy/CLE/2026/2026/regular/high/5man
CLE,MitchellAllenGarlandMobleyTyson,TRUE,5,,6,Mitchell,Allen,Garland,Mobley,Tyson,35,44.3,137.1,21.1,36.4,64,6.3,14.3,-0.1,43.8,13.7,92.9,-23.1,31,46.4,-11.3,17.1,2.8,26.8,-3.2,https://databallr.com/wowy/CLE/2026/2026/regular/high/5man
CLE,MitchellAllenGarlandWadeMerrill,TRUE,5,,7,Mitchell,Allen,Garland,Wade,Merrill,35,19.9,122.7,6.7,53.1,74.2,16.5,20,5.6,4.2,-25.9,102.7,-13.3,39.1,52.1,-5.7,12.3,-2.1,21.1,-9,https://databallr.com/wowy/CLE/2026/2026/regular/high/5man
CLE,MitchellHunterMobleyTomlinJr,TRUE,5,,8,Mitchell,Hunter,Mobley,Tomlin,Jr,33,2.8,128.2,12.2,46.4,63.2,5.5,8.5,-5.9,24.2,-5.8,125.4,9.4,42.9,64.6,6.9,14.9,0.5,27.6,-2.5,https://databallr.com/wowy/CLE/2026/2026/regular/high/5man
CLE,MitchellHunterWadeMobleyTyson,TRUE,5,,9,Mitchell,Hunter,Wade,Mobley,Tyson,29,19.3,140.3,24.3,34.6,61.3,3.5,1.6,-12.8,32.3,2.2,121.1,5,31.3,64.4,6.7,17.5,3.2,23.8,-6.3,https://databallr.com/wowy/CLE/2026/2026/regular/high/5man
CLE,MitchellAllenHunterMobleyTyson,TRUE,5,,10,Mitchell,Allen,Hunter,Mobley,Tyson,28,-4.9,116.4,0.4,47.6,63.4,5.7,19.7,5.3,28,-2.1,121.3,5.3,50,62.7,5,14.8,0.4,26.9,-3.2,https://databallr.com/wowy/CLE/2026/2026/regular/high/5man
DAL,MarshallChristieFlaggNembhardDavis,TRUE,5,,1,Marshall,Christie,Flagg,Nembhard,Davis,71,-7.9,119.6,3.6,46.2,63.1,5.3,14,-0.4,17.5,-12.5,127.5,11.5,35,60.3,2.6,7,-7.3,28.6,-1.5,https://databallr.com/wowy/DAL/2026/2026/regular/high/5man
DAL,WashingtonGaffordWilliamsChristieFlagg,TRUE,5,,2,Washington,Gafford,Williams,Christie,Flagg,68,-2.5,115.6,-0.4,23.1,55.4,-2.3,9.9,-4.5,29,-1.1,118.1,2.1,31.7,57,-0.7,16.7,2.3,40.3,10.2,https://databallr.com/wowy/DAL/2026/2026/regular/high/5man
DAL,WashingtonMarshallFlaggNembhardDavis,TRUE,5,,3,Washington,Marshall,Flagg,Nembhard,Davis,47,29.9,123.7,7.7,30.8,64,6.2,12.4,-2,24.3,-5.8,93.8,-22.2,16.2,41.4,-16.4,12.4,-2,36.9,6.8,https://databallr.com/wowy/DAL/2026/2026/regular/high/5man
DAL,GaffordMarshallWilliamsChristieFlagg,TRUE,5,,4,Gafford,Marshall,Williams,Christie,Flagg,38,-27.1,97.6,-18.4,23.1,48.8,-9,13.3,-1.1,22.2,-7.9,124.7,8.7,26.1,58,0.3,9.9,-4.5,30,-0.1,https://databallr.com/wowy/DAL/2026/2026/regular/high/5man
DAL,MartinMarshallChristieFlaggPowell,TRUE,5,,5,Martin,Marshall,Christie,Flagg,Powell,36,37.1,122.1,6.1,46.4,64.4,6.6,13,-1.4,20,-10.1,85,-31,26.9,45.9,-11.8,16.3,1.9,16.3,-13.8,https://databallr.com/wowy/DAL/2026/2026/regular/high/5man
DAL,MarshallWilliamsChristieFlaggPowell,TRUE,5,,6,Marshall,Williams,Christie,Flagg,Powell,33,-12.7,121.1,5.1,33.3,57.3,-0.4,4.2,-10.2,22.9,-7.2,133.8,17.8,52,73.1,15.3,18.3,3.9,25,-5.1,https://databallr.com/wowy/DAL/2026/2026/regular/high/5man
DAL,RussellWashingtonGaffordChristieFlagg,TRUE,5,,7,Russell,Washington,Gafford,Christie,Flagg,32,-33.9,95.5,-20.5,36,51.6,-6.1,11.9,-2.4,8.8,-21.3,129.4,13.4,40.7,59.5,1.7,8.8,-5.6,29.4,-0.7,https://databallr.com/wowy/DAL/2026/2026/regular/high/5man
DAL,MarshallChristieFlaggNembhardPowell,TRUE,5,,8,Marshall,Christie,Flagg,Nembhard,Powell,32,26.7,132.8,16.8,45.8,66.4,8.7,14.1,-0.3,26.9,-3.2,106.2,-9.9,30,54.8,-3,16.9,2.5,28.1,-2,https://databallr.com/wowy/DAL/2026/2026/regular/high/5man
DAL,WashingtonChristieFlaggNembhardDavis,TRUE,5,,9,Washington,Christie,Flagg,Nembhard,Davis,28,-25.1,132,16,28.6,64.7,7,18,3.6,50,19.9,157.1,41.1,70,78.6,20.8,8.2,-6.2,25,-5.1,https://databallr.com/wowy/DAL/2026/2026/regular/high/5man
DAL,GaffordMarshallChristieFlaggDavis,TRUE,5,,10,Gafford,Marshall,Christie,Flagg,Davis,28,-2.4,124,8,42.9,59.6,1.9,10,-4.4,30.4,0.4,126.4,10.4,30,54.9,-2.8,3.8,-10.6,37.9,7.9,https://databallr.com/wowy/DAL/2026/2026/regular/high/5man
DEN,MurrayJohnsonWatsonJonesJokić,TRUE,5,,1,Murray,Johnson,Watson,Jones,Jokić,160,20.7,138.5,22.5,48.8,70.6,12.8,13.9,-0.4,31.4,1.3,117.8,1.8,32.3,57.6,-0.2,13.9,-0.5,30.1,0,https://databallr.com/wowy/DEN/2026/2026/regular/high/5man
DEN,MurrayJohnsonBraunGordonJokić,TRUE,5,,2,Murray,Johnson,Braun,Gordon,Jokić,153,11.7,123.3,7.3,28.8,60.7,2.9,12.9,-1.4,32.6,2.5,111.7,-4.4,32.8,56.2,-1.5,11.3,-3.1,20.8,-9.3,https://databallr.com/wowy/DEN/2026/2026/regular/high/5man
DEN,MurrayWatsonJonesJrJokić,TRUE,5,,3,Murray,Watson,Jones,Jr,Jokić,79,14.4,140,24,40.3,66.7,8.9,11.2,-3.2,36.6,6.5,125.6,9.6,38.7,60.3,2.6,9.5,-4.9,25.3,-4.8,https://databallr.com/wowy/DEN/2026/2026/regular/high/5man
DEN,MurrayBrownWatsonValančiūnaJr,TRUE,5,,4,Murray,Brown,Watson,Valančiūna,Jr,66,1.7,117.9,1.9,39.1,59.8,2.1,14.2,-0.2,29.5,-0.6,116.2,0.2,41.3,57.7,-0.1,11.8,-2.6,31.7,1.7,https://databallr.com/wowy/DEN/2026/2026/regular/high/5man
DEN,MurrayBrownWatsonJrJokić,TRUE,5,,5,Murray,Brown,Watson,Jr,Jokić,58,0,135.5,19.5,37.8,65.9,8.1,9.9,-4.5,28.6,-1.5,135.5,19.5,55.3,72.6,14.8,10.7,-3.6,18.2,-11.9,https://databallr.com/wowy/DEN/2026/2026/regular/high/5man
DEN,MurrayPickettWatsonJonesGordon,TRUE,5,,6,Murray,Pickett,Watson,Jones,Gordon,44,4.4,115.4,-0.6,42.5,58.4,0.7,4.4,-10,4.5,-25.5,111,-5,33.3,56.1,-1.6,14.3,-0.1,26.2,-3.9,https://databallr.com/wowy/DEN/2026/2026/regular/high/5man
DEN,MurrayJohnsonJonesJrJokić,TRUE,5,,7,Murray,Johnson,Jones,Jr,Jokić,44,6.4,123.3,7.3,39.4,59.8,2,8.1,-6.2,22.5,-7.6,116.9,0.9,55.6,61.4,3.7,16.9,2.5,25.7,-4.4,https://databallr.com/wowy/DEN/2026/2026/regular/high/5man
DEN,BrownJohnsonNnajiValančiūnaJr,TRUE,5,,8,Brown,Johnson,Nnaji,Valančiūna,Jr,40,2,129.9,13.9,33.3,62.5,4.8,15.6,1.2,44.1,14,127.8,11.8,48.6,57.5,-0.3,6.3,-8.1,31,0.9,https://databallr.com/wowy/DEN/2026/2026/regular/high/5man
DEN,MurrayBrownWatsonJonesJokić,TRUE,5,,9,Murray,Brown,Watson,Jones,Jokić,31,-4.7,116.2,0.2,46.7,62.9,5.2,17.6,3.3,20.8,-9.2,120.8,4.8,30.4,56.5,-1.2,11.1,-3.3,37.1,7.1,https://databallr.com/wowy/DEN/2026/2026/regular/high/5man
DEN,MurrayJohnsonWatsonJrJokić,TRUE,5,,10,Murray,Johnson,Watson,Jr,Jokić,31,30.9,146.3,30.3,66.7,74.2,16.5,14.9,0.5,34.8,4.7,115.4,-0.6,32.1,58.7,1,16.9,2.5,29.6,-0.4,https://databallr.com/wowy/DEN/2026/2026/regular/high/5man
DET,RobinsonCunninghamDurenThompsonHarris,TRUE,5,,1,Robinson,Cunningham,Duren,Thompson,Harris,291,8.9,125.1,9.1,42.9,60,2.3,14.1,-0.3,36.1,6,116.2,0.2,36.5,57.7,-0.1,15.7,1.3,29.6,-0.5,https://databallr.com/wowy/DET/2026/2026/regular/high/5man
DET,RobinsonStewartCunninghamDurenThompson,TRUE,5,,2,Robinson,Stewart,Cunningham,Duren,Thompson,78,6.5,122.4,6.4,32.6,62.4,4.7,14.7,0.4,25,-5.1,115.9,-0.1,50,54.4,-3.4,13.2,-1.1,29.7,-0.4,https://databallr.com/wowy/DET/2026/2026/regular/high/5man
DET,RobinsonStewartCunninghamThompsonHarris,TRUE,5,,3,Robinson,Stewart,Cunningham,Thompson,Harris,35,-9.3,118.1,2.1,33.3,55.2,-2.5,15.3,0.9,38.9,8.8,127.4,11.4,46.4,64.6,6.8,11,-3.4,14.8,-15.3,https://databallr.com/wowy/DET/2026/2026/regular/high/5man
DET,RobinsonGreenReedHollandJenkins,TRUE,5,,4,Robinson,Green,Reed,Holland,Jenkins,33,-12.7,95.8,-20.2,43.5,47.9,-9.9,19.7,5.3,33.3,3.3,108.5,-7.6,33.3,55,-2.7,19.7,5.3,38.2,8.2,https://databallr.com/wowy/DET/2026/2026/regular/high/5man
DET,RobinsonGreenStewartCunninghamHolland,TRUE,5,,5,Robinson,Green,Stewart,Cunningham,Holland,29,-14.5,96.8,-19.2,25,49.2,-8.6,12.9,-1.5,27.3,-2.8,111.3,-4.7,22.2,56.6,-1.2,11.3,-3.1,17.9,-12.2,https://databallr.com/wowy/DET/2026/2026/regular/high/5man
DET,LeVertStewartCunninghamIveyHolland,TRUE,5,,6,LeVert,Stewart,Cunningham,Ivey,Holland,27,15.7,119.3,3.3,33.3,59.6,1.9,10.5,-3.9,25.9,-4.2,103.6,-12.4,26.1,49.2,-8.6,19.6,5.3,40.6,10.5,https://databallr.com/wowy/DET/2026/2026/regular/high/5man
DET,RobinsonCunninghamDurenThompsonHolland,TRUE,5,,7,Robinson,Cunningham,Duren,Thompson,Holland,27,34,124.5,8.5,27.8,61.1,3.4,11.3,-3.1,26.1,-4,90.6,-25.4,18.8,47.1,-10.7,18.9,4.5,29.6,-0.4,https://databallr.com/wowy/DET/2026/2026/regular/high/5man
DET,RobinsonStewartReedCunninghamThompson,TRUE,5,,8,Robinson,Stewart,Reed,Cunningham,Thompson,26,6,118.8,2.7,36.8,52.8,-5,18.8,4.4,51.7,21.6,112.8,-3.2,40,53.1,-4.7,10.6,-3.7,25.9,-4.2,https://databallr.com/wowy/DET/2026/2026/regular/high/5man
DET,RobinsonGreenCunninghamDurenHolland,TRUE,5,,9,Robinson,Green,Cunningham,Duren,Holland,24,-7.7,114.3,-1.7,31.3,49.1,-8.6,10.2,-4.2,41.9,11.9,122,6,28.6,59.8,2.1,18,3.6,41.7,11.6,https://databallr.com/wowy/DET/2026/2026/regular/high/5man
DET,CunninghamDurenThompsonJenkinsHarris,TRUE,5,,10,Cunningham,Duren,Thompson,Jenkins,Harris,21,12.3,91.5,-24.5,17.6,48.8,-8.9,29.8,15.4,43.5,13.4,79.2,-36.8,21.4,51.4,-6.4,27.1,12.7,5.3,-24.8,https://databallr.com/wowy/DET/2026/2026/regular/high/5man
GSW,MoodyPostCurryButlerGreen,TRUE,5,,1,Moody,Post,Curry,Butler,Green,125,-5.3,117.7,1.7,32.8,59.5,1.8,14,-0.4,23.8,-6.2,123,7,41.3,63.4,5.7,13,-1.4,21.9,-8.1,https://databallr.com/wowy/GSW/2026/2026/regular/high/5man
GSW,KumingaPodziemskiCurryButlerGreen,TRUE,5,,2,Kuminga,Podziemski,Curry,Butler,Green,64,17.2,123.2,7.2,43.4,62.1,4.4,11.6,-2.8,21.7,-8.4,106,-10,29.5,60.8,3,19.4,5,16,-14.1,https://databallr.com/wowy/GSW/2026/2026/regular/high/5man
GSW,MoodyPodziemskiPostButlerGreen,TRUE,5,,3,Moody,Podziemski,Post,Butler,Green,62,1.7,106.7,-9.3,29.8,53.4,-4.4,15.8,1.5,27,-3.1,104.9,-11.1,32.6,51.6,-6.1,13.9,-0.4,25.8,-4.3,https://databallr.com/wowy/GSW/2026/2026/regular/high/5man
GSW,MoodyRichardCurryButlerGreen,TRUE,5,,4,Moody,Richard,Curry,Butler,Green,58,7.9,122.7,6.7,43.9,65.8,8,22.7,8.3,38,7.9,114.8,-1.3,30,56.9,-0.8,16.4,2,34.5,4.4,https://databallr.com/wowy/GSW/2026/2026/regular/high/5man
GSW,IIMoodyPodziemskiCurryGreen,TRUE,0,,5,II,Moody,Podziemski,Curry,Green,45,-8.9,125.8,9.8,39.5,68,10.2,19.6,5.2,29.7,-0.3,134.7,18.6,50,64.4,6.7,10.9,-3.5,28.6,-1.5,https://databallr.com/wowy/GSW/2026/2026/regular/high/5man
GSW,KumingaPostCurryButlerGreen,TRUE,5,,6,Kuminga,Post,Curry,Butler,Green,44,19.4,129.2,13.2,44.4,70.4,12.6,12.4,-2,9.1,-21,109.8,-6.2,29.5,52.1,-5.7,13,-1.3,32.1,2,https://databallr.com/wowy/GSW/2026/2026/regular/high/5man
GSW,MoodyPodziemskiCurryButlerGreen,TRUE,5,,7,Moody,Podziemski,Curry,Butler,Green,36,5,105,-11,21.6,54.5,-3.2,16.3,1.9,25,-5.1,100,-16,29.6,48.7,-9,13,-1.4,36.4,6.3,https://databallr.com/wowy/GSW/2026/2026/regular/high/5man
GSW,MeltonPodziemskiRichardHorfordButler,TRUE,5,,8,Melton,Podziemski,Richard,Horford,Butler,27,45.3,135.1,19.1,43.5,65.3,7.5,10.5,-3.9,20.8,-9.2,89.8,-26.2,36.4,51,-6.8,18.6,4.3,25.9,-4.2,https://databallr.com/wowy/GSW/2026/2026/regular/high/5man
GSW,HieldPodziemskiPostButlerGreen,TRUE,5,,9,Hield,Podziemski,Post,Butler,Green,24,26.2,112.2,-3.8,35.3,56.3,-1.5,14.3,-0.1,27.3,-2.8,86,-30,23.8,46.7,-11,20,5.6,30.8,0.7,https://databallr.com/wowy/GSW/2026/2026/regular/high/5man
GSW,HieldMoodyPodziemskiHorfordButler,TRUE,5,,10,Hield,Moody,Podziemski,Horford,Butler,21,9.5,116.7,0.7,36.8,62.8,5.1,11.9,-2.5,16.7,-13.4,107.1,-8.9,33.3,57.7,-0,21.4,7,29.4,-0.7,https://databallr.com/wowy/GSW/2026/2026/regular/high/5man
HOU,OkogieŞengünJrThompsonDurant,TRUE,5,,1,Okogie,Şengün,Jr,Thompson,Durant,297,11.5,126.4,10.4,41.4,61.8,4.1,14.3,-0.1,35.6,5.5,114.9,-1.1,44.9,58.3,0.6,16.9,2.5,29.7,-0.4,https://databallr.com/wowy/HOU/2026/2026/regular/high/5man
HOU,ŞengünJrThompsonSheppardDurant,TRUE,5,,2,Şengün,Jr,Thompson,Sheppard,Durant,105,2.6,119.9,3.9,34.3,57.6,-0.1,14,-0.4,31.1,1,117.3,1.3,34.3,60.4,2.7,13.5,-0.9,27.9,-2.2,https://databallr.com/wowy/HOU/2026/2026/regular/high/5man
HOU,ŞengünJrThompsonDurantAdams,TRUE,5,,3,Şengün,Jr,Thompson,Durant,Adams,95,-6,113.1,-2.9,22.2,51.8,-6,18,3.7,47.9,17.8,119.1,3.1,31.1,56.1,-1.6,11.2,-3.1,31.5,1.4,https://databallr.com/wowy/HOU/2026/2026/regular/high/5man
HOU,JrEasonThompsonDurantAdams,TRUE,5,,4,Jr,Eason,Thompson,Durant,Adams,57,17.5,127.7,11.7,41.4,58.2,0.5,19.6,5.3,52,21.9,110.2,-5.8,35.6,56.7,-1.1,12,-2.3,14.8,-15.3,https://databallr.com/wowy/HOU/2026/2026/regular/high/5man
HOU,ŞengünJrEasonThompsonDurant,TRUE,5,,5,Şengün,Jr,Eason,Thompson,Durant,56,20.1,130.9,14.9,40,63.2,5.4,15.5,1.1,45.7,15.6,110.8,-5.2,31.3,59.2,1.5,14.4,0,11.1,-19,https://databallr.com/wowy/HOU/2026/2026/regular/high/5man
HOU,OkogieJrThompsonDurantAdams,TRUE,5,,6,Okogie,Jr,Thompson,Durant,Adams,37,16.2,117.6,1.6,46.7,58.8,1.1,20.6,6.2,43.3,13.3,101.4,-14.6,22.6,44.4,-13.3,7,-7.3,28.3,-1.8,https://databallr.com/wowy/HOU/2026/2026/regular/high/5man
HOU,JrThompsonSheppardDurantAdams,TRUE,5,,7,Jr,Thompson,Sheppard,Durant,Adams,35,27.3,134.2,18.2,48.3,65.3,7.6,13.7,-0.7,38.7,8.6,106.9,-9.1,26.7,52,-5.7,8.3,-6,23.1,-7,https://databallr.com/wowy/HOU/2026/2026/regular/high/5man
HOU,OkogieJrSheppardDurantAdams,TRUE,5,,8,Okogie,Jr,Sheppard,Durant,Adams,33,29.7,141.2,25.2,45.5,63.3,5.6,14.7,0.3,45.5,15.4,111.4,-4.6,35,58.3,0.6,8.6,-5.8,9.7,-20.4,https://databallr.com/wowy/HOU/2026/2026/regular/high/5man
HOU,OkogieŞengünJrThompsonSheppard,TRUE,5,,9,Okogie,Şengün,Jr,Thompson,Sheppard,32,-2.4,123,6.9,34.6,52.8,-4.9,16.4,2,50,19.9,125.4,9.4,33.3,68.1,10.4,17.5,3.1,26.1,-4,https://databallr.com/wowy/HOU/2026/2026/regular/high/5man
HOU,HolidayŞengünThompsonSheppardAdams,TRUE,5,,10,Holiday,Şengün,Thompson,Sheppard,Adams,32,-5,118.5,2.5,36.4,55.8,-1.9,16.9,2.5,45.5,15.4,123.4,7.4,48,63.7,6,18.8,4.4,35.7,5.6,https://databallr.com/wowy/HOU/2026/2026/regular/high/5man
IND,SiakamNembhardHuffThompsonMathurin,TRUE,5,,1,Siakam,Nembhard,Huff,Thompson,Mathurin,92,-4.7,108.2,-7.8,35.3,51,-6.7,8.2,-6.2,22.4,-7.6,112.9,-3.1,36.1,58.7,1,14,-0.4,24.7,-5.4,https://databallr.com/wowy/IND/2026/2026/regular/high/5man
IND,SiakamNembhardNesmithHuffFurphy,TRUE,5,,2,Siakam,Nembhard,Nesmith,Huff,Furphy,63,-2.4,114.6,-1.4,41.3,58.7,0.9,13.8,-0.5,26.7,-3.4,117.1,1,40.5,57.2,-0.5,7.8,-6.6,21.9,-8.2,https://databallr.com/wowy/IND/2026/2026/regular/high/5man
IND,SiakamNembhardHuffMathurinJackson,TRUE,5,,3,Siakam,Nembhard,Huff,Mathurin,Jackson,41,13.1,116.7,0.7,33.3,57,-0.8,9.5,-4.9,23.8,-6.3,103.5,-12.5,34.5,51.8,-6,17.6,3.3,29.5,-0.5,https://databallr.com/wowy/IND/2026/2026/regular/high/5man
IND,SiakamNembhardJacksonMathurinSheppard,TRUE,5,,4,Siakam,Nembhard,Jackson,Mathurin,Sheppard,41,-20,107.1,-8.9,25.9,51.7,-6,8.3,-6,22.7,-7.4,127.2,11.2,32.1,57.2,-0.5,9.9,-4.5,40.5,10.4,https://databallr.com/wowy/IND/2026/2026/regular/high/5man
IND,SiakamNembhardHuffMathurinSheppard,TRUE,5,,5,Siakam,Nembhard,Huff,Mathurin,Sheppard,36,13.9,126.8,10.8,40,63.6,5.8,15.5,1.1,30,-0.1,112.9,-3.1,37.5,54.9,-2.9,12.9,-1.5,30.6,0.5,https://databallr.com/wowy/IND/2026/2026/regular/high/5man
IND,SiakamNesmithJacksonJacksonWalker,TRUE,5,,6,Siakam,Nesmith,Jackson,Jackson,Walker,35,35.6,123.9,7.9,44.4,57.1,-0.6,8.5,-5.9,28.2,-1.9,88.3,-27.7,15.4,47.9,-9.9,16.9,2.5,18.9,-11.2,https://databallr.com/wowy/IND/2026/2026/regular/high/5man
IND,SiakamNesmithJacksonWalkerSheppard,TRUE,5,,7,Siakam,Nesmith,Jackson,Walker,Sheppard,29,-7.4,109.8,-6.2,33.3,52.4,-5.4,16.4,2,31,1,117.2,1.2,44.4,62.7,5,18.8,4.4,28,-2.1,https://databallr.com/wowy/IND/2026/2026/regular/high/5man
IND,SiakamNembhardHuffMathurinWalker,TRUE,5,,8,Siakam,Nembhard,Huff,Mathurin,Walker,27,-19.9,105.1,-10.9,44.4,58.5,0.7,20.3,6,24,-6.1,125,9,30.4,56,-1.8,8.3,-6,40.6,10.5,https://databallr.com/wowy/IND/2026/2026/regular/high/5man
IND,SiakamBradleyNembhardNesmithRobinsonE,TRUE,5,,9,Siakam,Bradley,Nembhard,Nesmith,RobinsonE,25,-11.3,155.3,39.3,50,71.6,13.8,10.6,-3.7,47.4,17.3,166.7,50.7,50,79.2,21.5,7.8,-6.5,30,-0.1,https://databallr.com/wowy/IND/2026/2026/regular/high/5man
IND,NesmithPotterWalkerSheppardMcConnell,TRUE,5,,10,Nesmith,Potter,Walker,Sheppard,McConnell,24,33.8,138,22,55,69,11.3,10,-4.4,27.8,-2.3,104.2,-11.8,20,56.8,-0.9,25,10.6,35,4.9,https://databallr.com/wowy/IND/2026/2026/regular/high/5man
LAC,DunnZubacCollinsHardenLeonard,TRUE,5,,1,Dunn,Zubac,Collins,Harden,Leonard,256,5,120.5,4.5,37.9,61.3,3.5,15.3,0.9,28,-2.1,115.5,-0.5,38.5,59.4,1.7,15.7,1.4,26.9,-3.2,https://databallr.com/wowy/LAC/2026/2026/regular/high/5man
LAC,DunnZubacCollinsSandersHarden,TRUE,5,,2,Dunn,Zubac,Collins,Sanders,Harden,96,3.7,117.2,1.2,38.3,58.9,1.2,14.2,-0.2,28.1,-2,113.4,-2.6,33.8,55.6,-2.1,10.4,-3.9,22.2,-7.9,https://databallr.com/wowy/LAC/2026/2026/regular/high/5man
LAC,DunnCollinsLopezHardenLeonard,TRUE,5,,3,Dunn,Collins,Lopez,Harden,Leonard,78,6.7,123.4,7.4,36.4,63.6,5.8,14.5,0.1,24.6,-5.5,116.8,0.8,36.7,60.4,2.7,15.4,1.1,25,-5.1,https://databallr.com/wowy/LAC/2026/2026/regular/high/5man
LAC,DunnZubacJrCollinsHarden,TRUE,5,,4,Dunn,Zubac,Jr,Collins,Harden,64,0.8,113,-3,25,56.9,-0.8,16,1.6,31.1,1.1,112.2,-3.8,32.7,54,-3.7,13,-1.4,30,-0.1,https://databallr.com/wowy/LAC/2026/2026/regular/high/5man
LAC,ZubacJrHardenLeonardBeal,TRUE,5,,5,Zubac,Jr,Harden,Leonard,Beal,57,-9.8,125,9,43.6,68,10.2,17.9,3.5,23.3,-6.8,134.8,18.8,42.9,63.5,5.8,12.2,-2.2,36.5,6.5,https://databallr.com/wowy/LAC/2026/2026/regular/high/5man
LAC,DunnZubacCollinsBatumHarden,TRUE,5,,6,Dunn,Zubac,Collins,Batum,Harden,56,-18.5,108.3,-7.7,31.4,51.8,-5.9,18.5,4.1,41.4,11.3,126.9,10.8,41.7,64.6,6.9,12,-2.3,27.1,-3,https://databallr.com/wowy/LAC/2026/2026/regular/high/5man
LAC,MillerSandersLopezBatumHarden,TRUE,5,,7,Miller,Sanders,Lopez,Batum,Harden,38,-20.1,122.8,6.8,35.3,66.4,8.7,12.7,-1.7,7.4,-22.7,142.9,26.9,38.7,64.9,7.1,10.4,-4,42.4,12.3,https://databallr.com/wowy/LAC/2026/2026/regular/high/5man
LAC,DunnLopezBatumHardenLeonard,TRUE,5,,8,Dunn,Lopez,Batum,Harden,Leonard,32,48.5,140.3,24.3,43.3,75.4,17.7,11.3,-3.1,9.1,-21,91.8,-24.2,20,48.3,-9.5,24.6,10.2,38.7,8.6,https://databallr.com/wowy/LAC/2026/2026/regular/high/5man
LAC,MillerSandersLopezBatumLeonard,TRUE,5,,9,Miller,Sanders,Lopez,Batum,Leonard,30,7.1,114,-2,35,58,0.3,15.8,1.4,28.6,-1.5,106.9,-9.1,40.9,53.4,-4.3,15.5,1.1,26.7,-3.4,https://databallr.com/wowy/LAC/2026/2026/regular/high/5man
LAC,DunnZubacCollinsSandersLeonard,TRUE,5,,10,Dunn,Zubac,Collins,Sanders,Leonard,29,3.2,103.2,-12.8,20,57.1,-0.6,22.6,8.2,28,-2.1,100,-16,18.5,46.9,-10.8,6.6,-7.8,21.6,-8.5,https://databallr.com/wowy/LAC/2026/2026/regular/high/5man
LAL,AytonLukaLaRaviaSmartLeBron,TRUE,5,,1,Ayton,Luka,LaRavia,Smart,LeBron,158,3.9,119.6,3.6,34,61.6,3.8,15.3,1,29.6,-0.4,115.8,-0.2,38.3,58.1,0.4,12.7,-1.7,24.2,-5.9,https://databallr.com/wowy/LAL/2026/2026/regular/high/5man
LAL,AytonLukaHachimuraReavesLeBron,TRUE,5,,2,Ayton,Luka,Hachimura,Reaves,LeBron,83,-15.2,110.9,-5.1,32.1,59.7,1.9,17.8,3.4,23.3,-6.8,126.1,10.1,39.7,63.1,5.4,10.2,-4.2,21.8,-8.3,https://databallr.com/wowy/LAL/2026/2026/regular/high/5man
LAL,AytonLukaHachimuraReavesSmart,TRUE,5,,3,Ayton,Luka,Hachimura,Reaves,Smart,68,21.3,124.1,8.1,34.7,62.9,5.2,14.5,0.1,25.4,-4.7,102.8,-13.2,29.1,53.7,-4.1,16.2,1.8,21.2,-8.9,https://databallr.com/wowy/LAL/2026/2026/regular/high/5man
LAL,AytonLukaHachimuraLaRaviaSmart,TRUE,5,,4,Ayton,Luka,Hachimura,LaRavia,Smart,64,-4.1,120.3,4.3,36.4,60.6,2.9,16.4,2,35.8,5.8,124.4,8.4,42.1,62.7,5,18.1,3.7,33.9,3.9,https://databallr.com/wowy/LAL/2026/2026/regular/high/5man
LAL,AytonLukaHachimuraVincentReaves,TRUE,5,,5,Ayton,Luka,Hachimura,Vincent,Reaves,50,-6.6,130.3,14.3,32.4,69.4,11.6,14.1,-0.2,17.6,-12.4,136.9,20.9,50,67.8,10,9.7,-4.7,26.8,-3.2,https://databallr.com/wowy/LAL/2026/2026/regular/high/5man
LAL,VanderbiltAytonLukaLaRaviaSmart,TRUE,5,,6,Vanderbilt,Ayton,Luka,LaRavia,Smart,49,-24.3,103.7,-12.3,26.3,55,-2.7,18.7,4.3,27.1,-3,128,12,35.3,62.1,4.4,14,-0.4,25.6,-4.5,https://databallr.com/wowy/LAL/2026/2026/regular/high/5man
LAL,AytonLukaHachimuraSmartLeBron,TRUE,5,,7,Ayton,Luka,Hachimura,Smart,LeBron,38,-8.7,108,-8,26.9,52.6,-5.1,16,1.6,28.9,-1.1,116.7,0.7,26.1,56.3,-1.4,11.5,-2.8,29.7,-0.3,https://databallr.com/wowy/LAL/2026/2026/regular/high/5man
LAL,LukaHayesLaRaviaSmartLeBron,TRUE,5,,8,Luka,Hayes,LaRavia,Smart,LeBron,31,-22.3,107.7,-8.3,38.1,61.4,3.7,18.5,4.1,16.7,-13.4,130,14,54.5,64.4,6.7,15,0.6,34.6,4.5,https://databallr.com/wowy/LAL/2026/2026/regular/high/5man
LAL,VanderbiltAytonHachimuraReavesLaRavia,TRUE,5,,9,Vanderbilt,Ayton,Hachimura,Reaves,LaRavia,28,-11.5,110.2,-5.8,43.8,60.2,2.4,25.4,11,40,9.9,121.7,5.7,40.7,66.4,8.6,13.3,-1,12,-18.1,https://databallr.com/wowy/LAL/2026/2026/regular/high/5man
LAL,AytonLukaHachimuraReavesLaRavia,TRUE,5,,10,Ayton,Luka,Hachimura,Reaves,LaRavia,27,40.1,126.4,10.4,36.8,60.9,3.2,11.3,-3.1,37.5,7.4,86.3,-29.7,28.6,40.7,-17,11.8,-2.6,26.5,-3.6,https://databallr.com/wowy/LAL/2026/2026/regular/high/5man
MEM,JrJrEdeyWellsCoward,TRUE,5,,1,Jr,Jr,Edey,Wells,Coward,102,14.6,115.5,-0.5,37.9,57.8,0,14.6,0.2,26.6,-3.5,101,-15,37.4,50.5,-7.3,11,-3.4,19.5,-10.6,https://databallr.com/wowy/MEM/2026/2026/regular/high/5man
MEM,LandaleAldamaSpencerWellsCaldwellP,TRUE,5,,2,Landale,Aldama,Spencer,Wells,CaldwellP,94,6.7,133.5,17.5,40.2,61.1,3.4,15.7,1.3,44.1,14,126.8,10.8,41.4,68.6,10.8,14.7,0.4,23.2,-6.9,https://databallr.com/wowy/MEM/2026/2026/regular/high/5man
MEM,JrMorantAldamaWellsCoward,TRUE,5,,3,Jr,Morant,Aldama,Wells,Coward,81,-16.5,110,-6,33.3,58.6,0.8,18.9,4.5,26.9,-3.2,126.5,10.5,33.3,59.1,1.3,9.4,-5,31.9,1.8,https://databallr.com/wowy/MEM/2026/2026/regular/high/5man
MEM,JrLandaleMorantWellsCaldwellP,TRUE,5,,4,Jr,Landale,Morant,Wells,CaldwellP,75,-16,103.3,-12.7,34.6,52.4,-5.4,14.7,0.3,24.1,-6,119.4,3.3,36,58.5,0.8,11.6,-2.8,26.5,-3.6,https://databallr.com/wowy/MEM/2026/2026/regular/high/5man
MEM,JrLandaleSpencerWellsCoward,TRUE,5,,5,Jr,Landale,Spencer,Wells,Coward,58,14.1,116.7,0.7,37,54.5,-3.2,15.8,1.4,38.3,8.3,102.5,-13.5,32.1,50,-7.7,10.2,-4.2,23.2,-6.9,https://databallr.com/wowy/MEM/2026/2026/regular/high/5man
MEM,JrKoncharJrEdeyCoward,TRUE,5,,6,Jr,Konchar,Jr,Edey,Coward,43,11.5,89.7,-26.4,23.1,45.9,-11.9,23,8.6,37.5,7.4,78.2,-37.8,15,40,-17.7,11.5,-2.9,14.5,-15.5,https://databallr.com/wowy/MEM/2026/2026/regular/high/5man
MEM,JrLandaleIISpencerCoward,TRUE,2,,7,Jr,Landale,II,Spencer,Coward,38,3.1,134.2,18.2,45.8,66.9,9.2,18.4,4,36.7,6.6,131.1,15.1,39.4,59.9,2.1,9.5,-4.9,33.3,3.3,https://databallr.com/wowy/MEM/2026/2026/regular/high/5man
MEM,LandaleKoncharAldamaSpencerCaldwellP,TRUE,5,,8,Landale,Konchar,Aldama,Spencer,CaldwellP,36,-21.1,105.2,-10.8,20.8,51.9,-5.8,13,-1.4,27.8,-2.3,126.3,10.2,40,65.6,7.8,16.3,1.9,33.3,3.3,https://databallr.com/wowy/MEM/2026/2026/regular/high/5man
MEM,LandaleMorantAldamaWellsCoward,TRUE,5,,9,Landale,Morant,Aldama,Wells,Coward,30,-10,105.9,-10.1,34.4,52.9,-4.8,16.2,1.8,25.6,-4.4,115.9,-0.1,40,64,6.3,15.9,1.5,15.4,-14.7,https://databallr.com/wowy/MEM/2026/2026/regular/high/5man
MEM,AldamaJrEdeyWellsCoward,TRUE,5,,10,Aldama,Jr,Edey,Wells,Coward,28,50.9,147.4,31.4,50,68.9,11.1,10.5,-3.9,44,13.9,96.4,-19.6,34.8,45.7,-12.1,10.7,-3.7,23.5,-6.5,https://databallr.com/wowy/MEM/2026/2026/regular/high/5man
MIA,PowellAdebayoMitchellWareWiggins,TRUE,5,,1,Powell,Adebayo,Mitchell,Ware,Wiggins,133,0.7,119.6,3.6,46.7,55.8,-1.9,12.1,-2.3,33.8,3.7,118.9,2.9,39,61.8,4.1,14,-0.4,23.2,-6.9,https://databallr.com/wowy/MIA/2026/2026/regular/high/5man
MIA,PowellMitchellLarssonWareWiggins,TRUE,5,,2,Powell,Mitchell,Larsson,Ware,Wiggins,109,-8.8,120.5,4.5,38.2,58.3,0.6,11.1,-3.3,25.9,-4.2,129.4,13.4,33,60.6,2.8,12.8,-1.6,39.3,9.2,https://databallr.com/wowy/MIA/2026/2026/regular/high/5man
MIA,PowellAdebayoHerroMitchellWiggins,TRUE,5,,3,Powell,Adebayo,Herro,Mitchell,Wiggins,85,1.7,119.8,3.8,39.1,61.2,3.4,10.9,-3.4,18.6,-11.5,118.1,2.1,35.2,58.4,0.7,11.7,-2.7,25.9,-4.2,https://databallr.com/wowy/MIA/2026/2026/regular/high/5man
MIA,SmithJovićJrFontecchioWiggins,TRUE,5,,4,Smith,Jović,Jr,Fontecchio,Wiggins,75,-0.9,113.1,-2.9,33.8,56.3,-1.5,17.3,2.9,37.2,7.1,114,-2,27.8,52.5,-5.2,12.8,-1.6,35.2,5.1,https://databallr.com/wowy/MIA/2026/2026/regular/high/5man
MIA,PowellAdebayoMitchellLarssonWiggins,TRUE,5,,5,Powell,Adebayo,Mitchell,Larsson,Wiggins,67,22.7,122.7,6.7,47.7,61.4,3.7,10.6,-3.7,22.6,-7.5,100,-16,34.8,53.4,-4.4,21,6.6,29.4,-0.7,https://databallr.com/wowy/MIA/2026/2026/regular/high/5man
MIA,PowellMitchellJrWareWiggins,TRUE,5,,6,Powell,Mitchell,Jr,Ware,Wiggins,54,16.2,131.9,15.9,47.1,62.1,4.3,10.6,-3.8,31.4,1.3,115.7,-0.4,32.7,54.1,-3.7,13.9,-0.5,38.3,8.3,https://databallr.com/wowy/MIA/2026/2026/regular/high/5man
MIA,PowellAdebayoMitchellJrWiggins,TRUE,5,,7,Powell,Adebayo,Mitchell,Jr,Wiggins,52,7.3,114.4,-1.6,31.6,59.4,1.7,18.9,4.5,26.1,-4,107.1,-8.9,39.5,52.2,-5.6,12.4,-2,27.9,-2.2,https://databallr.com/wowy/MIA/2026/2026/regular/high/5man
MIA,PowellAdebayoLarssonJakučionisWiggins,TRUE,5,,8,Powell,Adebayo,Larsson,Jakučionis,Wiggins,46,-15.5,126.9,10.9,46.5,58.4,0.7,8.7,-5.7,29.8,-0.3,142.5,26.4,54.8,77.8,20.1,17,2.6,25.8,-4.3,https://databallr.com/wowy/MIA/2026/2026/regular/high/5man
MIA,PowellMitchellJrLarssonWare,TRUE,5,,9,Powell,Mitchell,Jr,Larsson,Ware,44,-3.2,102,-14,30.8,54.3,-3.4,15.2,0.8,21.3,-8.8,105.3,-10.7,30.2,54.9,-2.8,14.7,0.4,21.3,-8.8,https://databallr.com/wowy/MIA/2026/2026/regular/high/5man
MIA,AdebayoSmithJovićJrFontecchio,TRUE,5,,10,Adebayo,Smith,Jović,Jr,Fontecchio,39,40.9,129.5,13.5,31.7,62.6,4.9,12.5,-1.9,37.5,7.4,88.6,-27.4,23.1,45.9,-11.9,14.8,0.4,19.1,-10.9,https://databallr.com/wowy/MIA/2026/2026/regular/high/5man
MIL,TurnerJrRollinsGreenGiannis,TRUE,5,,1,Turner,Jr,Rollins,Green,Giannis,164,-7.4,119.8,3.8,43.3,61.4,3.7,16.7,2.3,27.9,-2.1,127.2,11.2,39.6,58.9,1.2,10.7,-3.7,34.2,4.1,https://databallr.com/wowy/MIL/2026/2026/regular/high/5man
MIL,TurnerJrRollinsGreenGiannis,TRUE,5,,2,Turner,Jr,Rollins,Green,Giannis,163,9.6,120.8,4.8,39.7,60.6,2.9,14.2,-0.1,28.2,-1.9,111.2,-4.8,43.8,56.3,-1.5,13.9,-0.4,24.4,-5.7,https://databallr.com/wowy/MIL/2026/2026/regular/high/5man
MIL,TurnerKuzmaJrRollinsGreen,TRUE,5,,3,Turner,Kuzma,Jr,Rollins,Green,122,-7.1,108.1,-7.9,40.2,56.2,-1.5,11.9,-2.5,15.9,-14.2,115.2,-0.8,35.9,57.2,-0.6,15.6,1.2,35.5,5.4,https://databallr.com/wowy/MIL/2026/2026/regular/high/5man
MIL,TurnerKuzmaRollinsGreenGiannis,TRUE,5,,4,Turner,Kuzma,Rollins,Green,Giannis,81,23.6,129.9,13.9,52.4,71,13.3,12.8,-1.6,12.5,-17.6,106.3,-9.8,28.2,52.8,-4.9,11.3,-3.1,22.1,-8,https://databallr.com/wowy/MIL/2026/2026/regular/high/5man
MIL,PortisKuzmaJrJrHarris,TRUE,5,,5,Portis,Kuzma,Jr,Jr,Harris,56,-20.8,103.6,-12.4,34.1,53.7,-4,13.4,-1,23.6,-6.4,124.3,8.3,44,62.2,4.4,10.8,-3.6,30.8,0.7,https://databallr.com/wowy/MIL/2026/2026/regular/high/5man
MIL,TurnerPortisKuzmaJrGreen,TRUE,5,,6,Turner,Portis,Kuzma,Jr,Green,49,-21.2,96,-20,28.8,49.5,-8.3,16.2,1.8,20,-10.1,117.2,1.2,28.6,52.8,-5,10.1,-4.3,34.5,4.5,https://databallr.com/wowy/MIL/2026/2026/regular/high/5man
MIL,PortisJrRollinsGreenGiannis,TRUE,5,,7,Portis,Jr,Rollins,Green,Giannis,40,24,120.2,4.2,42.3,62.3,4.6,13.1,-1.3,25,-5.1,96.3,-19.8,30.3,48.7,-9,16.3,1.9,27.9,-2.2,https://databallr.com/wowy/MIL/2026/2026/regular/high/5man
MIL,PortisPrinceKuzmaCoffeyAnthony,TRUE,5,,8,Portis,Prince,Kuzma,Coffey,Anthony,29,-12.7,103.4,-12.6,22.2,53.5,-4.2,15.3,0.9,22.2,-7.9,116.1,0.1,27.6,49.3,-8.4,9.7,-4.7,42.1,12,https://databallr.com/wowy/MIL/2026/2026/regular/high/5man
MIL,TurnerPortisKuzmaRollinsGreen,TRUE,5,,9,Turner,Portis,Kuzma,Rollins,Green,24,-14.9,121.3,5.3,40.9,54.9,-2.8,8.5,-5.9,22.2,-7.9,136.2,20.2,33.3,66.7,8.9,6.4,-8,15.8,-14.3,https://databallr.com/wowy/MIL/2026/2026/regular/high/5man
MIL,TurnerKuzmaJrJrRollins,TRUE,5,,10,Turner,Kuzma,Jr,Jr,Rollins,24,-23.5,111.8,-4.2,25,59.4,1.6,15.7,1.3,22.7,-7.4,135.3,19.3,54.2,66.3,8.6,19.6,5.2,43.5,13.4,https://databallr.com/wowy/MIL/2026/2026/regular/high/5man
MIN,DiVincenzoAntMcDanielsGobertRandle,TRUE,5,GobertRandle,1,DiVincenzo,Ant,McDaniels,Gobert,Randle,440,8.2,121.8,5.8,38.5,61.4,3.6,14.8,0.4,28.9,-1.2,113.6,-2.4,35.2,55.6,-2.1,12.6,-1.8,27.5,-2.6,https://databallr.com/wowy/MIN/2026/2026/regular/high/5man
MIN,DiVincenzoMcDanielsConleyGobertRandle,TRUE,5,,2,DiVincenzo,McDaniels,Conley,Gobert,Randle,82,18.7,131,15,43.1,66.5,8.7,15.2,0.8,27.3,-2.8,112.3,-3.7,31.6,55.5,-2.2,12.9,-1.5,27.1,-3,https://databallr.com/wowy/MIN/2026/2026/regular/high/5man
MIN,NazReidAntClarkConleyRandle,TRUE,5,,3,NazReid,Ant,Clark,Conley,Randle,71,6.2,124,8,37,61.1,3.4,9.6,-4.8,18.3,-11.7,117.8,1.8,36.5,60.2,2.5,15.8,1.4,31.8,1.7,https://databallr.com/wowy/MIN/2026/2026/regular/high/5man
MIN,DiVincenzoNazReidAntMcDanielsRandle,TRUE,5,,4,DiVincenzo,NazReid,Ant,McDaniels,Randle,57,19.7,131.2,15.2,37.7,64.8,7.1,12,-2.4,26.4,-3.7,111.5,-4.5,27.3,59.4,1.6,13.9,-0.4,15.6,-14.5,https://databallr.com/wowy/MIN/2026/2026/regular/high/5man
MIN,DiVincenzoNazReidMcDanielsHylandGobert,TRUE,5,,5,DiVincenzo,NazReid,McDaniels,Hyland,Gobert,57,16.6,106.7,-9.3,22,50,-7.7,12.6,-1.8,29,-1.1,90.1,-25.9,27,47.4,-10.4,19,4.6,23.4,-6.6,https://databallr.com/wowy/MIN/2026/2026/regular/high/5man
MIN,DiVincenzoNazReidAntMcDanielsGobert,TRUE,5,,6,DiVincenzo,NazReid,Ant,McDaniels,Gobert,54,16.9,126.7,10.7,44.7,65.8,8.1,15.2,0.9,29.5,-0.5,109.8,-6.2,28.6,48.7,-9.1,15.7,1.3,39.3,9.3,https://databallr.com/wowy/MIN/2026/2026/regular/high/5man
MIN,DiVincenzoMcDanielsHylandGobertRandle,TRUE,5,,7,DiVincenzo,McDaniels,Hyland,Gobert,Randle,51,1.7,109.3,-6.7,31.9,54.2,-3.6,13,-1.4,23.6,-6.4,107.5,-8.5,35,54.3,-3.4,18.9,4.5,32.1,2,https://databallr.com/wowy/MIN/2026/2026/regular/high/5man
MIN,DiVincenzoNazReidMcDanielsConleyGobert,TRUE,5,,8,DiVincenzo,NazReid,McDaniels,Conley,Gobert,49,-3,106.1,-9.9,40,58.3,0.6,16.2,1.8,17.1,-13,109.1,-6.9,33.3,51.4,-6.3,12.1,-2.3,30.2,0.1,https://databallr.com/wowy/MIN/2026/2026/regular/high/5man
MIN,DiVincenzoAntConleyGobertRandle,TRUE,5,,9,DiVincenzo,Ant,Conley,Gobert,Randle,44,5.5,130.8,14.8,37.2,65.4,7.6,12.1,-2.3,25.6,-4.4,125.3,9.3,44.8,59.5,1.8,16.8,2.5,44.7,14.6,https://databallr.com/wowy/MIN/2026/2026/regular/high/5man
MIN,DiVincenzoNazReidMcDanielsHylandRandle,TRUE,5,,10,DiVincenzo,NazReid,McDaniels,Hyland,Randle,43,9.9,123.3,7.3,37.8,59.6,1.8,11.6,-2.8,28.2,-1.9,113.3,-2.7,38.7,55.4,-2.3,13.3,-1,26.7,-3.4,https://databallr.com/wowy/MIN/2026/2026/regular/high/5man
NOP,WilliamsonBeyIIIFearsQueen,TRUE,2,,1,Williamson,Bey,III,Fears,Queen,102,-15.7,112.3,-3.7,40.7,57.8,0.1,13.2,-1.1,19.8,-10.3,128.1,12,43.5,63.2,5.5,10,-4.4,24.5,-5.6,https://databallr.com/wowy/NOP/2026/2026/regular/high/5man
NOP,BeyJonesIIIFearsQueen,TRUE,2,,2,Bey,Jones,III,Fears,Queen,101,10.8,124.4,8.4,32.8,60.6,2.8,12.2,-2.2,29.9,-0.2,113.6,-2.4,29.3,55.8,-1.9,16,1.6,33.6,3.6,https://databallr.com/wowy/NOP/2026/2026/regular/high/5man
NOP,BeyIIIMcGowensFearsQueen,TRUE,1,,3,Bey,III,McGowens,Fears,Queen,83,-23.2,113.3,-2.7,40,57,-0.7,12.2,-2.2,23.8,-6.3,136.5,20.5,50,69.1,11.4,14.9,0.5,30.7,0.6,https://databallr.com/wowy/NOP/2026/2026/regular/high/5man
NOP,LooneyBeyJonesIIIFears,TRUE,3,,4,Looney,Bey,Jones,III,Fears,50,-11.1,100,-16,31.1,51.5,-6.3,15.4,1,25,-5.1,111.1,-4.9,40.9,61.9,4.1,18.5,4.1,19.1,-10.9,https://databallr.com/wowy/NOP/2026/2026/regular/high/5man
NOP,BeyJonesIIIAlvaradoQueen,TRUE,2,,5,Bey,Jones,III,Alvarado,Queen,39,30.7,127.2,11.2,43.8,66.9,9.1,8.6,-5.7,10.7,-19.4,96.4,-19.6,13.6,49.4,-8.4,14.3,-0.1,24.4,-5.7,https://databallr.com/wowy/NOP/2026/2026/regular/high/5man
NOP,WilliamsonJonesIIIMissiFears,TRUE,2,,6,Williamson,Jones,III,Missi,Fears,39,17.3,126.3,10.2,53.3,63.1,5.4,18.8,4.4,40,9.9,109,-7,35.3,59,1.3,20.5,6.1,25,-5.1,https://databallr.com/wowy/NOP/2026/2026/regular/high/5man
NOP,WilliamsonJonesIIIFearsQueen,TRUE,2,,7,Williamson,Jones,III,Fears,Queen,38,-12.3,117.1,1.1,33.3,56.6,-1.1,11,-3.4,27.5,-2.6,129.4,13.4,46.9,69,11.2,16.5,2.1,27.3,-2.8,https://databallr.com/wowy/NOP/2026/2026/regular/high/5man
NOP,WilliamsonBeyIIIMissiFears,TRUE,2,,8,Williamson,Bey,III,Missi,Fears,32,-7.5,120,4,34.8,59.2,1.4,17.1,2.8,39.4,9.3,127.5,11.5,46.4,62.9,5.1,10.1,-4.2,30,-0.1,https://databallr.com/wowy/NOP/2026/2026/regular/high/5man
NOP,WilliamsonBeyJonesIIIQueen,TRUE,3,,9,Williamson,Bey,Jones,III,Queen,25,20.8,134,18,35,61.2,3.5,11.3,-3.1,40.7,10.7,113.2,-2.8,38.1,61.2,3.5,20.8,6.4,34.8,4.7,https://databallr.com/wowy/NOP/2026/2026/regular/high/5man
NOP,WilliamsonIIIMcGowensFearsQueen,TRUE,1,,10,Williamson,III,McGowens,Fears,Queen,25,-14.2,105.8,-10.2,41.2,65.9,8.1,26.9,12.5,16.7,-13.4,120,4,38.5,64.7,7,18.2,3.8,28.6,-1.5,https://databallr.com/wowy/NOP/2026/2026/regular/high/5man
NYK,TownsAnunobyHartBridgesBrunson,TRUE,5,,1,Towns,Anunoby,Hart,Bridges,Brunson,147,2.9,124.2,8.2,47.8,66.2,8.5,14.5,0.1,19.8,-10.2,121.3,5.3,41.2,61.9,4.1,12.3,-2.1,22.1,-8,https://databallr.com/wowy/NYK/2026/2026/regular/high/5man
NYK,TownsHartBridgesBrunsonMcBride,TRUE,5,,2,Towns,Hart,Bridges,Brunson,McBride,105,23.6,145.5,29.5,45.3,69,11.3,9.5,-4.9,34.9,4.8,121.9,5.9,28.6,57.5,-0.3,11.7,-2.6,33.7,3.6,https://databallr.com/wowy/NYK/2026/2026/regular/high/5man
NYK,TownsAnunobyBridgesBrunsonMcBride,TRUE,5,,3,Towns,Anunoby,Bridges,Brunson,McBride,86,0.2,134.1,18.1,46.8,65.7,8,13.5,-0.9,29.3,-0.7,133.9,17.9,46,67.4,9.6,15.5,1.1,36.9,6.8,https://databallr.com/wowy/NYK/2026/2026/regular/high/5man
NYK,TownsAnunobyBridgesKolekClarkson,TRUE,5,,4,Towns,Anunoby,Bridges,Kolek,Clarkson,57,6.7,117.9,1.9,45,66.8,9.1,20.5,6.2,20.9,-9.1,111.2,-4.8,44.4,57.6,-0.2,18.1,3.7,29.1,-1,https://databallr.com/wowy/NYK/2026/2026/regular/high/5man
NYK,TownsAnunobyBridgesBrunsonShamet,TRUE,5,,5,Towns,Anunoby,Bridges,Brunson,Shamet,55,-10.6,107.6,-8.4,27.1,51.6,-6.1,14.4,0,35.8,5.7,118.3,2.3,41.5,59.1,1.4,13,-1.3,27.8,-2.3,https://databallr.com/wowy/NYK/2026/2026/regular/high/5man
NYK,TownsAnunobyBridgesBrunsonRobinson,TRUE,5,,6,Towns,Anunoby,Bridges,Brunson,Robinson,50,12.8,123.7,7.7,43.8,54.1,-3.7,9.3,-5.1,39,8.9,110.9,-5.1,38.5,59.6,1.8,17.8,3.4,24.4,-5.6,https://databallr.com/wowy/NYK/2026/2026/regular/high/5man
NYK,HartBridgesBrunsonRobinsonMcBride,TRUE,5,,7,Hart,Bridges,Brunson,Robinson,McBride,37,13.5,120.3,4.3,27,52.4,-5.4,13.5,-0.9,50,19.9,106.8,-9.2,33.3,58.1,0.3,16.2,1.8,20.7,-9.4,https://databallr.com/wowy/NYK/2026/2026/regular/high/5man
NYK,TownsHartBridgesMcBrideClarkson,TRUE,5,,8,Towns,Hart,Bridges,McBride,Clarkson,36,-18.2,113.3,-2.7,28.6,56,-1.7,14.7,0.3,29.7,-0.3,131.6,15.6,40.6,69.4,11.7,14.5,0.1,23.3,-6.7,https://databallr.com/wowy/NYK/2026/2026/regular/high/5man
NYK,TownsAnunobyBridgesMcBrideClarkson,TRUE,5,,9,Towns,Anunoby,Bridges,McBride,Clarkson,33,2.1,121.1,5.1,45.2,57.3,-0.4,9.9,-4.5,27,-3.1,119,3,30,56,-1.8,11.1,-3.3,20.7,-9.4,https://databallr.com/wowy/NYK/2026/2026/regular/high/5man
NYK,TownsHartMcBrideKolekClarkson,TRUE,5,,10,Towns,Hart,McBride,Kolek,Clarkson,30,13.3,118.6,2.6,34.6,53.9,-3.8,11.9,-2.5,31.4,1.4,105.4,-10.6,41.7,61.5,3.7,21.4,7,20.8,-9.2,https://databallr.com/wowy/NYK/2026/2026/regular/high/5man
OKC,ShaiDortHolmgrenWilliamsWallace,TRUE,5,,1,Shai,Dort,Holmgren,Williams,Wallace,115,25.5,127.1,11.1,42,65.7,7.9,11.4,-3,19.4,-10.7,101.6,-14.4,36.8,55,-2.8,18.7,4.3,22,-8,https://databallr.com/wowy/OKC/2026/2026/regular/high/5man
OKC,HartensteiShaiDortHolmgrenWallace,TRUE,5,,2,Hartenstei,Shai,Dort,Holmgren,Wallace,111,17,125.1,9.1,43.1,62,4.3,14.3,-0,34,3.9,108.1,-7.9,38.4,55.3,-2.4,20.4,6,33.6,3.6,https://databallr.com/wowy/OKC/2026/2026/regular/high/5man
OKC,ShaiDortWigginsHolmgrenWilliams,TRUE,5,,3,Shai,Dort,Wiggins,Holmgren,Williams,42,-18,100,-16,16,52.4,-5.3,12.6,-1.7,15,-15.1,118,2,39.4,54.1,-3.6,16.9,2.5,46,15.9,https://databallr.com/wowy/OKC/2026/2026/regular/high/5man
OKC,HartensteiShaiHolmgrenWallaceMitchell,TRUE,5,,4,Hartenstei,Shai,Holmgren,Wallace,Mitchell,42,38.6,136.4,20.4,42.3,69,11.2,12.5,-1.9,27.3,-2.8,97.8,-18.3,38.7,50.6,-7.2,12.4,-2,14.9,-15.2,https://databallr.com/wowy/OKC/2026/2026/regular/high/5man
OKC,HartensteiShaiDortHolmgrenWilliams,TRUE,5,,5,Hartenstei,Shai,Dort,Holmgren,Williams,41,14.2,132.2,16.2,42.9,69.3,11.5,14.9,0.6,29,-1,118,2,33.3,55.3,-2.5,9,-5.4,27.1,-3,https://databallr.com/wowy/OKC/2026/2026/regular/high/5man
OKC,HartensteiShaiDortWigginsWallace,TRUE,5,,6,Hartenstei,Shai,Dort,Wiggins,Wallace,34,0,111.4,-4.6,23.1,53.4,-4.3,10,-4.4,27.8,-2.3,111.4,-4.6,42.9,52,-5.7,14.3,-0.1,39,8.9,https://databallr.com/wowy/OKC/2026/2026/regular/high/5man
OKC,WilliamsWigginsHolmgrenWilliamsMitchell,TRUE,5,,7,Williams,Wiggins,Holmgren,Williams,Mitchell,31,3,119.4,3.3,31.3,64.9,7.2,21,6.6,31.8,1.7,116.4,0.4,52,65.7,8,21.3,6.9,20,-10.1,https://databallr.com/wowy/OKC/2026/2026/regular/high/5man
OKC,CarusoShaiJoeWilliamsMitchell,TRUE,5,,8,Caruso,Shai,Joe,Williams,Mitchell,28,67.6,152.3,36.3,67.7,73.9,16.1,7.7,-6.7,34.6,4.5,84.7,-31.3,25,50,-7.7,22,7.7,11.1,-19,https://databallr.com/wowy/OKC/2026/2026/regular/high/5man
OKC,JoeWigginsHolmgrenWilliamsMitchell,TRUE,5,,9,Joe,Wiggins,Holmgren,Williams,Mitchell,27,16.9,115.1,-0.9,27.8,61,3.3,11.3,-3.1,13,-17,98.2,-17.8,41.2,49.1,-8.6,21.4,7,34.5,4.4,https://databallr.com/wowy/OKC/2026/2026/regular/high/5man
OKC,ShaiHolmgrenWilliamsWallaceMitchell,TRUE,5,,10,Shai,Holmgren,Williams,Wallace,Mitchell,24,-10.2,111.8,-4.2,22.7,49.1,-8.6,3.9,-10.5,31.3,1.2,122,6,44.4,70.9,13.2,20,5.6,16.7,-13.4,https://databallr.com/wowy/OKC/2026/2026/regular/high/5man
ORL,JrBaneWagnerSuggsBanchero,TRUE,5,,1,Jr,Bane,Wagner,Suggs,Banchero,117,18.5,126,10,37.3,63.8,6.1,15,0.6,32.1,2,107.5,-8.5,31.8,55.5,-2.3,15.7,1.4,26.1,-4,https://databallr.com/wowy/ORL/2026/2026/regular/high/5man
ORL,JrBaneWagnerBancheroBlack,TRUE,5,,2,Jr,Bane,Wagner,Banchero,Black,101,-3.8,114.7,-1.3,35.5,58.2,0.4,19,4.6,40,9.9,118.5,2.5,36.4,56,-1.7,12.7,-1.7,34,3.9,https://databallr.com/wowy/ORL/2026/2026/regular/high/5man
ORL,JonesJrBaneBancheroBlack,TRUE,5,,3,Jones,Jr,Bane,Banchero,Black,99,6.5,129.4,13.3,42.9,64.4,6.6,7.5,-6.9,16.7,-13.4,122.9,6.9,34.7,58.5,0.8,12.9,-1.4,37,6.9,https://databallr.com/wowy/ORL/2026/2026/regular/high/5man
ORL,JrBaneWagnerSuggsSilva,TRUE,5,,4,Jr,Bane,Wagner,Suggs,Silva,98,-10.9,108.5,-7.5,33.8,55.6,-2.1,16.5,2.1,25.7,-4.3,119.4,3.4,41.1,61.5,3.8,14.7,0.3,23.9,-6.2,https://databallr.com/wowy/ORL/2026/2026/regular/high/5man
ORL,JrBaneBancheroBlackSilva,TRUE,5,,5,Jr,Bane,Banchero,Black,Silva,96,6.2,125.6,9.6,40.3,63.5,5.8,11.8,-2.6,23.5,-6.6,119.5,3.5,32.4,62.3,4.6,20.5,6.1,34.6,4.5,https://databallr.com/wowy/ORL/2026/2026/regular/high/5man
ORL,JrBaneSuggsBancheroBlack,TRUE,5,,6,Jr,Bane,Suggs,Banchero,Black,65,4.5,122.6,6.6,46.2,67.2,9.5,16.1,1.7,22,-8.1,118.1,2.1,32.6,58.3,0.6,11.6,-2.8,23.4,-6.6,https://databallr.com/wowy/ORL/2026/2026/regular/high/5man
ORL,BitadzeWagnerSuggsBlackSilva,TRUE,5,,7,Bitadze,Wagner,Suggs,Black,Silva,54,42.5,128.6,12.6,38.5,63.9,6.1,11.8,-2.6,25,-5.1,86.1,-29.9,32.4,49.1,-8.7,20.5,6.1,14,-16,https://databallr.com/wowy/ORL/2026/2026/regular/high/5man
ORL,JonesIsaacJrBaneBlack,TRUE,5,,8,Jones,Isaac,Jr,Bane,Black,47,34,118.8,2.8,28.6,56.2,-1.6,7.9,-6.5,20.5,-9.6,84.8,-31.2,12.1,45.7,-12.1,19.2,4.8,22,-8.1,https://databallr.com/wowy/ORL/2026/2026/regular/high/5man
ORL,JrBaneBancheroBlackPenda,TRUE,5,,9,Jr,Bane,Banchero,Black,Penda,45,-43.5,81.5,-34.5,8.7,42.1,-15.6,20.7,6.3,29.4,-0.7,125,9,37.2,57.8,0,7.3,-7.1,26,-4.1,https://databallr.com/wowy/ORL/2026/2026/regular/high/5man
ORL,BitadzeBaneBancheroBlackSilva,TRUE,5,,10,Bitadze,Bane,Banchero,Black,Silva,40,-3.6,123.2,7.2,36,62.3,4.6,12.2,-2.2,24.2,-5.8,126.7,10.7,41.7,65.1,7.3,10.5,-3.9,17.1,-12.9,https://databallr.com/wowy/ORL/2026/2026/regular/high/5man
PHI,MaxeyBarlowEdgecombeGeorgeEmbiid,TRUE,5,,1,Maxey,Barlow,Edgecombe,George,Embiid,135,8.2,128,12,39.1,61.8,4,11.8,-2.6,31.2,1.1,119.9,3.8,41,61.5,3.8,16.2,1.8,31,1,https://databallr.com/wowy/PHI/2026/2026/regular/high/5man
PHI,JrMaxeyBarlowEdgecombeEmbiid,TRUE,5,,2,Jr,Maxey,Barlow,Edgecombe,Embiid,55,10.4,131.5,15.5,39.4,61.8,4.1,6.5,-7.9,27.7,-2.4,121.1,5.1,42.1,59.5,1.7,14.7,0.3,32,1.9,https://databallr.com/wowy/PHI/2026/2026/regular/high/5man
PHI,MaxeyBarlowEdgecombeGeorgeDrummond,TRUE,5,,3,Maxey,Barlow,Edgecombe,George,Drummond,53,-23.8,101.9,-14.1,37.8,47.8,-10,8.5,-5.9,22.4,-7.7,125.7,9.7,51.7,67.8,10.1,21.1,6.7,38.5,8.4,https://databallr.com/wowy/PHI/2026/2026/regular/high/5man
PHI,JrMaxeyEdgecombeGeorgeEmbiid,TRUE,5,,4,Jr,Maxey,Edgecombe,George,Embiid,49,1.4,119.2,3.2,36.4,61.6,3.8,13.1,-1.3,19,-11,117.8,1.8,45.2,58.3,0.6,12.9,-1.5,36.7,6.7,https://databallr.com/wowy/PHI/2026/2026/regular/high/5man
PHI,JrGrimesMaxeyBonaEdgecombe,TRUE,5,,5,Jr,Grimes,Maxey,Bona,Edgecombe,40,31.7,110.3,-5.7,23.1,50,-7.7,16.7,2.3,39.5,9.5,78.6,-37.4,17.2,38.4,-19.4,25,10.6,46.2,16.1,https://databallr.com/wowy/PHI/2026/2026/regular/high/5man
PHI,JrGrimesMaxeyEdgecombeDrummond,TRUE,5,,6,Jr,Grimes,Maxey,Edgecombe,Drummond,37,19.6,133.3,17.3,33.3,61.7,4,16,1.6,45.5,15.4,113.7,-2.3,31.3,51.9,-5.9,12.3,-2.1,39,8.9,https://databallr.com/wowy/PHI/2026/2026/regular/high/5man
PHI,JrMaxeyWatfordEdgecombeDrummond,TRUE,5,,7,Jr,Maxey,Watford,Edgecombe,Drummond,37,-22.4,103.9,-12.1,30,54.1,-3.7,15.6,1.2,25.7,-4.4,126.3,10.3,42.4,60,2.3,9.2,-5.2,27.5,-2.6,https://databallr.com/wowy/PHI/2026/2026/regular/high/5man
PHI,JrMaxeyWalkerEdgecombeEmbiid,TRUE,5,,8,Jr,Maxey,Walker,Edgecombe,Embiid,36,22.1,133.3,17.3,45.5,67.9,10.1,18.1,3.7,39.3,9.2,111.3,-4.7,33.3,58.1,0.3,18.3,3.9,29.4,-0.7,https://databallr.com/wowy/PHI/2026/2026/regular/high/5man
PHI,GrimesMaxeyEdgecombeGeorgeEmbiid,TRUE,5,,9,Grimes,Maxey,Edgecombe,George,Embiid,35,-14.5,87,-29,25.8,40.5,-17.2,11.6,-2.8,30.4,0.4,101.4,-14.6,41.7,57.3,-0.5,22.9,8.5,33.3,3.3,https://databallr.com/wowy/PHI/2026/2026/regular/high/5man
PHI,GrimesBarlowEdgecombeGeorgeEmbiid,TRUE,5,,10,Grimes,Barlow,Edgecombe,George,Embiid,35,24.6,132.9,16.9,45.8,64.1,6.3,12.9,-1.5,27.6,-2.5,108.2,-7.8,48.1,49.4,-8.4,12.3,-2.1,31.9,1.8,https://databallr.com/wowy/PHI/2026/2026/regular/high/5man
PHX,BookerONealeBrooksWilliamsGillespie,TRUE,1,,1,Booker,ONeale,Brooks,Williams,Gillespie,234,8.5,120,4,41.2,61.1,3.4,14.3,-0.1,24.3,-5.7,111.5,-4.5,32.5,56,-1.7,16.6,2.2,31.5,1.4,https://databallr.com/wowy/PHX/2026/2026/regular/high/5man
PHX,BookerONealeBrooksAllenWilliams,TRUE,1,,2,Booker,ONeale,Brooks,Allen,Williams,107,4.6,125,9,40.2,62,4.3,12.7,-1.7,26.9,-3.2,120.4,4.4,37.1,59.1,1.3,13,-1.3,31.2,1.1,https://databallr.com/wowy/PHX/2026/2026/regular/high/5man
PHX,BookerONealeAllenWilliamsDunn,TRUE,1,,3,Booker,ONeale,Allen,Williams,Dunn,70,11.4,110.1,-5.9,30.5,55.4,-2.3,10.1,-4.3,19.2,-10.9,98.7,-17.3,34.3,51.4,-6.3,18.8,4.4,27.7,-2.4,https://databallr.com/wowy/PHX/2026/2026/regular/high/5man
PHX,BookerONealeBrooksGoodwinWilliams,TRUE,1,,4,Booker,ONeale,Brooks,Goodwin,Williams,69,-8.5,113.5,-2.5,31.4,55.2,-2.5,15.6,1.2,35.6,5.5,122,6,40.7,60.6,2.9,19.9,5.5,41,10.9,https://databallr.com/wowy/PHX/2026/2026/regular/high/5man
PHX,AllenGoodwinGillespieIghodaroDunn,TRUE,5,,5,Allen,Goodwin,Gillespie,Ighodaro,Dunn,61,20.3,123.7,7.7,43.1,57,-0.7,11,-3.4,31.3,1.2,103.4,-12.6,28.9,54.5,-3.3,20.3,6,35.3,5.2,https://databallr.com/wowy/PHX/2026/2026/regular/high/5man
PHX,ONealeBrooksAllenWilliamsGillespie,TRUE,0,,6,ONeale,Brooks,Allen,Williams,Gillespie,58,-33.6,97.4,-18.6,28.3,46.7,-11,12.9,-1.5,27.1,-2.9,131,15,42.4,62.3,4.6,12.9,-1.5,34.6,4.5,https://databallr.com/wowy/PHX/2026/2026/regular/high/5man
PHX,BookerONealeBrooksGoodwinIghodaro,TRUE,1,,7,Booker,ONeale,Brooks,Goodwin,Ighodaro,58,14.4,119.8,3.8,36.4,54.5,-3.2,14.4,0,35.6,5.5,105.5,-10.6,44.4,55.8,-1.9,17.3,2.9,21.4,-8.6,https://databallr.com/wowy/PHX/2026/2026/regular/high/5man
PHX,BookerONealeBrooksGillespieIghodaro,TRUE,1,,8,Booker,ONeale,Brooks,Gillespie,Ighodaro,54,5.8,118.8,2.8,45.6,60.4,2.7,13.7,-0.7,23.1,-7,113,-3,41.2,58.7,1,17.6,3.2,24.5,-5.6,https://databallr.com/wowy/PHX/2026/2026/regular/high/5man
PHX,BookerONealeBrooksWilliamsDunn,TRUE,1,,9,Booker,ONeale,Brooks,Williams,Dunn,41,-21.5,106.7,-9.3,42.3,54,-3.8,18,3.6,33.3,3.3,128.3,12.3,46.2,65.7,8,20.7,6.3,38.5,8.4,https://databallr.com/wowy/PHX/2026/2026/regular/high/5man
PHX,GoodwinBouyeaGillespieIghodaroDunn,TRUE,5,,10,Goodwin,Bouyea,Gillespie,Ighodaro,Dunn,38,8,126,10,42.9,56.3,-1.5,15.1,0.7,43.2,13.2,118.1,2.1,40,60.7,3,15.3,0.9,26.7,-3.4,https://databallr.com/wowy/PHX/2026/2026/regular/high/5man
POR,AvdijaSharpeCamaraClinganHoliday,TRUE,5,,1,Avdija,Sharpe,Camara,Clingan,Holiday,129,-0.8,119.3,3.3,33.6,59.7,1.9,19.3,4.9,35.9,5.9,120.1,4.1,42.1,61.2,3.5,15.1,0.7,25.6,-4.5,https://databallr.com/wowy/POR/2026/2026/regular/high/5man
POR,AvdijaSharpeMurrayCamaraClingan,TRUE,5,,2,Avdija,Sharpe,Murray,Camara,Clingan,103,2.3,121.7,5.7,36,56,-1.7,17.4,3,49.1,19,119.4,3.4,31.6,56.2,-1.5,12.6,-1.8,34.6,4.5,https://databallr.com/wowy/POR/2026/2026/regular/high/5man
POR,AvdijaSharpeCissokoCamaraClingan,TRUE,5,,3,Avdija,Sharpe,Cissoko,Camara,Clingan,95,-1.4,115.2,-0.9,44.9,61.4,3.7,18.2,3.8,26.4,-3.6,116.6,0.6,30.7,57.8,0,13.6,-0.8,28.7,-1.4,https://databallr.com/wowy/POR/2026/2026/regular/high/5man
POR,AvdijaCissokoCamaraClinganGrant,TRUE,5,,4,Avdija,Cissoko,Camara,Clingan,Grant,65,2.6,126.7,10.7,43.1,60.2,2.5,11.9,-2.5,33.8,3.7,124.1,8.1,49.1,64.5,6.7,15.8,1.4,24.6,-5.5,https://databallr.com/wowy/POR/2026/2026/regular/high/5man
POR,AvdijaSharpeCamaraClinganGrant,TRUE,5,,5,Avdija,Sharpe,Camara,Clingan,Grant,53,-8.7,119.5,3.5,40.5,61.5,3.7,20.4,6,42.6,12.5,128.2,12.2,47.6,64.2,6.5,12.8,-1.6,28,-2.1,https://databallr.com/wowy/POR/2026/2026/regular/high/5man
POR,AvdijaLoveMurrayCamaraClingan,TRUE,5,,6,Avdija,Love,Murray,Camara,Clingan,43,-6.7,118.6,2.6,41.9,58,0.2,19.8,5.4,44.2,14.1,125.3,9.3,36.8,60.8,3,7.7,-6.7,19,-11,https://databallr.com/wowy/POR/2026/2026/regular/high/5man
POR,AvdijaSharpeCamaraHolidayGrant,TRUE,5,,7,Avdija,Sharpe,Camara,Holiday,Grant,40,-1,137.8,21.8,46.4,72.1,14.4,14.4,0.1,28.6,-1.5,138.8,22.7,34.5,63.8,6.1,16.3,1.9,50,19.9,https://databallr.com/wowy/POR/2026/2026/regular/high/5man
POR,SharpeCissokoCamaraClinganHoliday,TRUE,5,,8,Sharpe,Cissoko,Camara,Clingan,Holiday,37,8.6,122.5,6.5,35.6,55.1,-2.7,12.5,-1.9,41.3,11.2,113.9,-2.1,35.9,59.2,1.5,8.9,-5.5,13.2,-16.9,https://databallr.com/wowy/POR/2026/2026/regular/high/5man
POR,AvdijaSharpeLoveCamaraClingan,TRUE,5,,9,Avdija,Sharpe,Love,Camara,Clingan,34,28.8,126,10,33.3,62.3,4.6,13.7,-0.7,30.3,0.2,97.2,-18.8,30.8,43.7,-14.1,12.7,-1.7,34,3.9,https://databallr.com/wowy/POR/2026/2026/regular/high/5man
POR,AvdijaLoveCissokoCamaraClingan,TRUE,5,,10,Avdija,Love,Cissoko,Camara,Clingan,32,-2.3,129.5,13.5,25.9,61.7,4,16.4,2,40.7,10.7,131.8,15.8,47.8,64.9,7.2,18.2,3.8,44.8,14.7,https://databallr.com/wowy/POR/2026/2026/regular/high/5man
SAC,AchiuwaRaynaudWestbrookDeRozanLaVine,TRUE,5,,1,Achiuwa,Raynaud,Westbrook,DeRozan,LaVine,117,-5.1,118.2,2.2,45.5,62.3,4.5,14,-0.4,21.9,-8.2,123.4,7.4,34.2,59.5,1.8,12.7,-1.7,33.6,3.5,https://databallr.com/wowy/SAC/2026/2026/regular/high/5man
SAC,AchiuwaMurrayRaynaudWestbrookDeRozan,TRUE,5,,2,Achiuwa,Murray,Raynaud,Westbrook,DeRozan,83,-31,100,-16,23.1,46.6,-11.1,13.2,-1.2,32,1.9,131,15,42,63.7,6,10.5,-3.9,26.7,-3.4,https://databallr.com/wowy/SAC/2026/2026/regular/high/5man
SAC,SabonisWestbrookDeRozanSchröderLaVine,TRUE,5,,3,Sabonis,Westbrook,DeRozan,Schröder,LaVine,82,-29.7,101.1,-14.9,34.5,50.6,-7.2,11.5,-2.9,24.7,-5.3,130.8,14.8,37.7,63.9,6.2,9.9,-4.5,25,-5.1,https://databallr.com/wowy/SAC/2026/2026/regular/high/5man
SAC,MurrayRaynaudWestbrookDeRozanLaVine,TRUE,5,,4,Murray,Raynaud,Westbrook,DeRozan,LaVine,81,5.7,119.2,3.2,43.2,60.7,2.9,14,-0.4,28.4,-1.7,113.5,-2.5,33.3,54.5,-3.2,11.8,-2.6,28.2,-1.8,https://databallr.com/wowy/SAC/2026/2026/regular/high/5man
SAC,EubanksMurrayWestbrookDeRozanLaVine,TRUE,5,,5,Eubanks,Murray,Westbrook,DeRozan,LaVine,52,-33.3,86.1,-29.9,15.4,47,-10.8,19.4,5.1,21.8,-8.3,119.4,3.4,32.4,55.7,-2.1,15.7,1.4,42.1,12,https://databallr.com/wowy/SAC/2026/2026/regular/high/5man
SAC,AchiuwaMurrayWestbrookDeRozanLaVine,TRUE,5,,6,Achiuwa,Murray,Westbrook,DeRozan,LaVine,33,17.9,129.2,13.2,40,64.6,6.9,10.8,-3.6,25.9,-4.2,111.3,-4.7,34.6,57.5,-0.2,16.1,1.7,25,-5.1,https://databallr.com/wowy/SAC/2026/2026/regular/high/5man
SAC,SabonisEllisDeRozanSchröderLaVine,TRUE,5,,7,Sabonis,Ellis,DeRozan,Schröder,LaVine,32,-44.1,95.6,-20.4,47.6,53.3,-4.5,16.2,1.8,14.7,-15.4,139.7,23.7,41.2,73.1,15.3,14.7,0.3,35,4.9,https://databallr.com/wowy/SAC/2026/2026/regular/high/5man
SAC,MonkCliffordCardwellDeRozanSchröder,TRUE,5,,8,Monk,Clifford,Cardwell,DeRozan,Schröder,30,-4.1,119.7,3.7,43.5,60.8,3.1,11.5,-2.9,25.9,-4.2,123.7,7.7,38.5,54.5,-3.3,5.1,-9.3,32.4,2.3,https://databallr.com/wowy/SAC/2026/2026/regular/high/5man
SAC,AchiuwaEllisRaynaudWestbrookDeRozan,TRUE,5,,9,Achiuwa,Ellis,Raynaud,Westbrook,DeRozan,29,-6.3,113.3,-2.7,47.4,55.7,-2,11.7,-2.7,25.8,-4.3,119.7,3.7,44.4,60.8,3.1,14.8,0.4,24,-6.1,https://databallr.com/wowy/SAC/2026/2026/regular/high/5man
SAC,SabonisMonkCliffordCardwellSchröder,TRUE,5,,10,Sabonis,Monk,Clifford,Cardwell,Schröder,29,39.2,121.7,5.7,35.3,59.2,1.4,18.3,4,38.5,8.4,82.5,-33.5,21.7,41.2,-16.5,14,-0.3,21.9,-8.2,https://databallr.com/wowy/SAC/2026/2026/regular/high/5man
SAS,VassellChampagnieWembyCastleBarnes,TRUE,5,,1,Vassell,Champagnie,Wemby,Castle,Barnes,122,13,121.9,5.9,41.3,63.5,5.8,17.8,3.4,31,0.9,108.8,-7.2,44.4,54.7,-3.1,14.9,0.5,25.4,-4.7,https://databallr.com/wowy/SAS/2026/2026/regular/high/5man
SAS,FoxKornetVassellChampagnieBarnes,TRUE,5,,2,Fox,Kornet,Vassell,Champagnie,Barnes,112,4.4,121.5,5.5,44.2,62.3,4.6,10.7,-3.7,17.1,-12.9,117,1,39,56.1,-1.7,13.1,-1.3,33.1,3,https://databallr.com/wowy/SAS/2026/2026/regular/high/5man
SAS,FoxChampagnieWembyCastleBarnes,TRUE,5,,3,Fox,Champagnie,Wemby,Castle,Barnes,104,14.2,132.7,16.7,49.5,68,10.3,10.3,-4.1,17.8,-12.3,118.5,2.5,37.2,57.6,-0.1,12.3,-2.1,28.3,-1.8,https://databallr.com/wowy/SAS/2026/2026/regular/high/5man
SAS,FoxKornetVassellCastleBarnes,TRUE,5,,4,Fox,Kornet,Vassell,Castle,Barnes,86,10.3,125.5,9.5,40.7,60.8,3.1,9.6,-4.8,26.4,-3.7,115.3,-0.7,31.7,60.2,2.5,13.7,-0.7,19.3,-10.8,https://databallr.com/wowy/SAS/2026/2026/regular/high/5man
SAS,FoxVassellWembyCastleBarnes,TRUE,5,,5,Fox,Vassell,Wemby,Castle,Barnes,75,12.5,117.5,1.5,35.1,60.3,2.5,11.9,-2.5,19.4,-10.6,105,-11,29.4,50.9,-6.8,11.9,-2.5,29.9,-0.2,https://databallr.com/wowy/SAS/2026/2026/regular/high/5man
SAS,FoxKornetChampagnieCastleBarnes,TRUE,5,,6,Fox,Kornet,Champagnie,Castle,Barnes,63,7.1,117.8,1.8,25.9,53.9,-3.8,9.3,-5.1,31.9,1.9,110.7,-5.3,36.5,54.5,-3.2,13,-1.4,27.9,-2.1,https://databallr.com/wowy/SAS/2026/2026/regular/high/5man
SAS,KornetJohnsonChampagnieCastleHarper,TRUE,5,,7,Kornet,Johnson,Champagnie,Castle,Harper,27,-35,90.9,-25.1,33.3,52.1,-5.7,25.5,11.1,30.8,0.7,125.9,9.9,44.4,58.6,0.9,13,-1.4,35.7,5.6,https://databallr.com/wowy/SAS/2026/2026/regular/high/5man
SAS,FoxKornetJohnsonChampagnieHarper,TRUE,5,,8,Fox,Kornet,Johnson,Champagnie,Harper,26,5.8,116.4,0.4,21.1,50.8,-6.9,10.9,-3.5,36.7,6.6,110.5,-5.5,31.6,57.3,-0.5,15.8,1.4,33.3,3.3,https://databallr.com/wowy/SAS/2026/2026/regular/high/5man
SAS,FoxKornetJohnsonChampagnieBarnes,TRUE,5,,9,Fox,Kornet,Johnson,Champagnie,Barnes,26,46.5,136.7,20.7,31.8,58.8,1,4.1,-10.3,28,-2.1,90.2,-25.8,26.3,46.9,-10.8,15.7,1.3,18.5,-11.6,https://databallr.com/wowy/SAS/2026/2026/regular/high/5man
SAS,KornetVassellChampagnieCastleBarnes,TRUE,5,,10,Kornet,Vassell,Champagnie,Castle,Barnes,23,34.8,132.7,16.6,35,64.6,6.8,12.2,-2.1,27.8,-2.3,97.8,-18.2,21.4,46.8,-10.9,21.7,7.4,40.7,10.7,https://databallr.com/wowy/SAS/2026/2026/regular/high/5man
TOR,IngramPoeltlBarrettQuickleyBarnes,TRUE,5,,1,Ingram,Poeltl,Barrett,Quickley,Barnes,160,5,126,10,39.6,62.1,4.4,13,-1.4,33.3,3.3,121,5,41.9,63.2,5.4,17.5,3.1,31,0.9,https://databallr.com/wowy/TOR/2026/2026/regular/high/5man
TOR,IngramQuickleyAgbajiBarnesMamukelash,TRUE,5,,2,Ingram,Quickley,Agbaji,Barnes,Mamukelash,79,19.1,120.4,4.4,38.5,58,0.3,9.3,-5.1,26.2,-3.9,101.2,-14.8,32.1,49.4,-8.3,12.4,-2,25.3,-4.8,https://databallr.com/wowy/TOR/2026/2026/regular/high/5man
TOR,IngramPoeltlQuickleyBarnesWalter,TRUE,5,,3,Ingram,Poeltl,Quickley,Barnes,Walter,75,8.2,119,2.9,48,60.7,2.9,19,4.6,36.2,6.2,110.8,-5.2,34.8,55.7,-2,12.7,-1.7,24.1,-6,https://databallr.com/wowy/TOR/2026/2026/regular/high/5man
TOR,IngramBarrettQuickleyBarnesMurrayBoy,TRUE,5,,4,Ingram,Barrett,Quickley,Barnes,MurrayBoy,67,-3.5,105.7,-10.3,28.6,52.8,-4.9,9.9,-4.5,18.8,-11.2,109.2,-6.8,35.9,52.7,-5,12.8,-1.6,27.6,-2.4,https://databallr.com/wowy/TOR/2026/2026/regular/high/5man
TOR,IngramBarrettQuickleyBarnesMamukelash,TRUE,5,,5,Ingram,Barrett,Quickley,Barnes,Mamukelash,48,4,109,-7,26.3,54,-3.8,12,-2.4,25.5,-4.6,105,-11.1,25.6,51,-6.8,14.9,0.5,33.9,3.9,https://databallr.com/wowy/TOR/2026/2026/regular/high/5man
TOR,IngramMamukelashDickSheadMurrayBoy,TRUE,5,,6,Ingram,Mamukelash,Dick,Shead,MurrayBoy,45,5.1,125.3,9.3,42.1,58.9,1.2,12.6,-1.8,33.3,3.3,120.2,4.2,40,67.3,9.5,23.4,9,31.3,1.2,https://databallr.com/wowy/TOR/2026/2026/regular/high/5man
TOR,IngramBarnesMamukelashWalterShead,TRUE,5,,7,Ingram,Barnes,Mamukelash,Walter,Shead,39,18.1,103.8,-12.2,22.6,51.9,-5.8,16.5,2.1,32.6,2.5,85.7,-30.3,24.1,41.8,-16,14.3,-0.1,21.3,-8.8,https://databallr.com/wowy/TOR/2026/2026/regular/high/5man
TOR,BarrettQuickleyBarnesMamukelashDick,TRUE,5,,8,Barrett,Quickley,Barnes,Mamukelash,Dick,37,34.2,126.3,10.3,30,61.5,3.8,3.9,-10.4,11.4,-18.6,92.1,-23.9,42.1,50.7,-7,21.1,6.7,26.5,-3.6,https://databallr.com/wowy/TOR/2026/2026/regular/high/5man
TOR,IngramQuickleyBarnesMamukelashShead,TRUE,5,,9,Ingram,Quickley,Barnes,Mamukelash,Shead,36,2.6,123.2,7.2,33.3,59.9,2.1,15.9,1.6,40,9.9,120.5,4.5,51.7,64.7,7,16.4,2.1,23.3,-6.7,https://databallr.com/wowy/TOR/2026/2026/regular/high/5man
TOR,IngramPoeltlQuickleyBarnesShead,TRUE,5,,10,Ingram,Poeltl,Quickley,Barnes,Shead,35,5.4,118.8,2.8,27.3,56.9,-0.8,14.5,0.1,41.2,11.1,113.4,-2.6,38.1,67.9,10.1,23.9,9.5,19,-11,https://databallr.com/wowy/TOR/2026/2026/regular/high/5man
UTA,MarkkanenMykhailiukGeorgeBaileyNurkić,TRUE,5,,1,Markkanen,Mykhailiuk,George,Bailey,Nurkić,165,-6.8,114.2,-1.8,32.3,54.4,-3.4,13.9,-0.5,32.3,2.2,121,5,37.8,62.8,5.1,12.7,-1.7,19.3,-10.7,https://databallr.com/wowy/UTA/2026/2026/regular/high/5man
UTA,MarkkanenMykhailiukKesslerGeorgeFilipowski,TRUE,5,,2,Markkanen,Mykhailiuk,Kessler,George,Filipowski,49,33.2,137.4,21.4,39.6,66.7,8.9,20.2,5.8,57.1,27.1,104.2,-11.8,24.4,52.6,-5.1,19.8,5.4,35.4,5.3,https://databallr.com/wowy/UTA/2026/2026/regular/high/5man
UTA,MykhailiukGeorgeWilliamsBaileyNurkić,TRUE,5,,3,Mykhailiuk,George,Williams,Bailey,Nurkić,47,-30.6,116.2,0.2,38.7,63.5,5.8,13.3,-1,9.3,-20.8,146.8,30.8,49,70.2,12.4,11,-3.4,36.2,6.1,https://databallr.com/wowy/UTA/2026/2026/regular/high/5man
UTA,MarkkanenMykhailiukGeorgeSensabaughNurkić,TRUE,5,,4,Markkanen,Mykhailiuk,George,Sensabaugh,Nurkić,44,10.4,129.8,13.8,37.1,65.6,7.8,16,1.6,41,10.9,119.4,3.3,22.6,56.8,-1,10.8,-3.6,25,-5.1,https://databallr.com/wowy/UTA/2026/2026/regular/high/5man
UTA,GeorgeSensabaughCollierFilipowskiLove,TRUE,5,,5,George,Sensabaugh,Collier,Filipowski,Love,40,-11.1,120.2,4.2,29.3,52.6,-5.1,7.1,-7.2,34,3.9,131.3,15.3,44.4,58.7,1,8.4,-5.9,34.8,4.7,https://databallr.com/wowy/UTA/2026/2026/regular/high/5man
UTA,MarkkanenMykhailiukHendricksGeorgeNurkić,TRUE,5,,6,Markkanen,Mykhailiuk,Hendricks,George,Nurkić,35,-12.4,91.8,-24.2,13.8,40.9,-16.9,9.6,-4.8,32,1.9,104.2,-11.8,31.3,51.4,-6.4,15.3,0.9,30,-0.1,https://databallr.com/wowy/UTA/2026/2026/regular/high/5man
UTA,MykhailiukGeorgeFilipowskiBaileyNurkić,TRUE,5,,7,Mykhailiuk,George,Filipowski,Bailey,Nurkić,34,-22.1,107.4,-8.7,32.1,48.6,-9.1,14.7,0.3,35.1,5.1,129.4,13.4,41.7,66.9,9.2,11.8,-2.6,14.8,-15.3,https://databallr.com/wowy/UTA/2026/2026/regular/high/5man
UTA,GeorgeWilliamsCollierFilipowskiBailey,TRUE,5,,8,George,Williams,Collier,Filipowski,Bailey,34,-26.4,101.4,-14.6,13,47.4,-10.3,11.1,-3.3,31,0.9,127.8,11.8,39.3,63.9,6.1,11.1,-3.3,23.3,-6.7,https://databallr.com/wowy/UTA/2026/2026/regular/high/5man
UTA,MarkkanenGeorgeSensabaughCollierNurkić,TRUE,5,,9,Markkanen,George,Sensabaugh,Collier,Nurkić,27,21.2,121.2,5.1,56.3,71.6,13.8,21.2,6.8,17.6,-12.4,100,-16,33.3,51,-6.8,11.5,-2.8,19.2,-10.8,https://databallr.com/wowy/UTA/2026/2026/regular/high/5man
UTA,MarkkanenMykhailiukGeorgeCollierNurkić,TRUE,5,,10,Markkanen,Mykhailiuk,George,Collier,Nurkić,22,-36.7,108.2,-7.8,44.4,60.5,2.7,20.4,6,15,-15.1,144.9,28.9,43.8,71,13.3,10.2,-4.2,33.3,3.3,https://databallr.com/wowy/UTA/2026/2026/regular/high/5man
WAS,CoulibalySarrGeorgeMiddletonMcCollum,TRUE,5,,1,Coulibaly,Sarr,George,Middleton,McCollum,88,-12.3,107.1,-8.9,41.2,53.6,-4.2,13.1,-1.3,21.1,-9,119.4,3.4,35.1,58.2,0.5,13.9,-0.5,27.9,-2.2,https://databallr.com/wowy/WAS/2026/2026/regular/high/5man
WAS,CoulibalySarrJohnsonMiddletonMcCollum,TRUE,5,,2,Coulibaly,Sarr,Johnson,Middleton,McCollum,86,5.3,122.8,6.7,39.7,60.2,2.4,12.2,-2.2,28.7,-1.3,117.5,1.5,31.7,58.7,1,16.4,2,32.6,2.5,https://databallr.com/wowy/WAS/2026/2026/regular/high/5man
WAS,SarrCarringtonGeorgeMiddletonMcCollum,TRUE,5,,3,Sarr,Carrington,George,Middleton,McCollum,83,-7.7,115.5,-0.5,41.7,57.4,-0.3,12.1,-2.3,24.4,-5.7,123.3,7.3,43.4,60.6,2.9,11.6,-2.8,26.5,-3.6,https://databallr.com/wowy/WAS/2026/2026/regular/high/5man
WAS,SarrCarringtonGeorgeJohnsonMiddleton,TRUE,5,,4,Sarr,Carrington,George,Johnson,Middleton,57,-5.9,120.9,4.9,40.4,57.4,-0.3,10.4,-3.9,28.3,-1.7,126.7,10.7,37.2,64,6.3,15.5,1.1,28.9,-1.2,https://databallr.com/wowy/WAS/2026/2026/regular/high/5man
WAS,IIIChampagnieCarringtonGeorgeMcCollum,TRUE,0,,5,III,Champagnie,Carrington,George,McCollum,44,12.6,140.5,24.5,62.2,71.1,13.3,14.3,-0.1,27.3,-2.8,127.9,11.9,31.9,57.3,-0.4,3.5,-10.9,26,-4.1,https://databallr.com/wowy/WAS/2026/2026/regular/high/5man
WAS,IIIChampagnieCarringtonJohnsonRiley,TRUE,0,,6,III,Champagnie,Carrington,Johnson,Riley,41,14.1,136.5,20.5,40,62.4,4.6,8.2,-6.1,35,4.9,122.4,6.3,45.2,61.3,3.6,12.9,-1.4,26.3,-3.8,https://databallr.com/wowy/WAS/2026/2026/regular/high/5man
WAS,IIIKispertWhitmoreGeorgeJohnson,TRUE,0,,7,III,Kispert,Whitmore,George,Johnson,39,-27.3,98.9,-17.2,38.2,55.8,-1.9,18.4,4,15.8,-14.3,126.1,10.1,41.2,59.1,1.4,12.5,-1.9,38.6,8.6,https://databallr.com/wowy/WAS/2026/2026/regular/high/5man
WAS,IIICoulibalyGeorgeMiddletonMcCollum,TRUE,0,,8,III,Coulibaly,George,Middleton,McCollum,37,13.3,132,16,42.3,61.9,4.1,12,-2.4,38.2,8.2,118.7,2.7,40,63.8,6,18.7,4.3,20,-10.1,https://databallr.com/wowy/WAS/2026/2026/regular/high/5man
WAS,CoulibalySarrGeorgeJohnsonMiddleton,TRUE,5,,9,Coulibaly,Sarr,George,Johnson,Middleton,35,-35.6,92.4,-23.6,29.2,50.7,-7,17.7,3.3,21.6,-8.5,128,12,43.2,69.9,12.1,16,1.6,17.2,-12.8,https://databallr.com/wowy/WAS/2026/2026/regular/high/5man
WAS,IIIChampagnieCarringtonJohnsonRiley,TRUE,0,,10,III,Champagnie,Carrington,Johnson,Riley,31,-8.9,102.8,-13.2,23.1,53.7,-4.1,16.9,2.5,33.3,3.3,111.8,-4.2,35,60.3,2.6,16.2,1.8,22.2,-7.9,https://databallr.com/wowy/WAS/2026/2026/regular/high/5man
